test_Adachi_00001.jpg,2 3 220 232 564 
test_Adachi_00002.jpg,2 95 209 284 579 
test_Adachi_00003.jpg,2 0 311 188 446 
test_Adachi_00004.jpg,8 131 287 229 582 3 441 434 599 499 
test_Adachi_00005.jpg,3 190 489 592 564 
test_Adachi_00006.jpg,2 5 363 134 576 
test_Adachi_00007.jpg,5 27 246 493 534 
test_Adachi_00008.jpg,2 406 338 592 479 
test_Adachi_00009.jpg,
test_Adachi_00010.jpg,2 424 213 584 411 2 250 268 339 589 
test_Adachi_00011.jpg,2 225 316 477 578 8 2 252 97 385 3 13 365 251 427 
test_Adachi_00012.jpg,2 403 398 567 592 8 350 327 415 404 
test_Adachi_00013.jpg,2 389 341 544 585 
test_Adachi_00014.jpg,2 196 382 324 593 
test_Adachi_00015.jpg,1 96 111 252 513 8 429 209 599 363 
test_Adachi_00016.jpg,1 370 343 473 519 
test_Adachi_00017.jpg,2 236 284 306 576 4 112 257 504 297 
test_Adachi_00018.jpg,2 336 315 420 592 
test_Adachi_00019.jpg,8 351 437 460 592 2 228 458 271 566 4 23 541 457 576 
test_Adachi_00020.jpg,8 399 198 599 394 1 79 309 178 519 8 261 135 339 460 1 177 219 235 331 3 269 254 491 306 
test_Adachi_00021.jpg,2 138 174 275 567 2 363 159 452 240 
test_Adachi_00022.jpg,1 297 495 398 599 1 191 330 292 471 3 236 356 564 412 
test_Adachi_00023.jpg,8 251 238 496 294 2 82 294 233 582 
test_Adachi_00024.jpg,2 44 206 275 582 
test_Adachi_00025.jpg,2 285 286 382 581 
test_Adachi_00026.jpg,1 227 435 401 599 
test_Adachi_00027.jpg,1 259 268 313 379 4 195 350 522 400 
test_Adachi_00028.jpg,2 296 145 424 390 8 394 365 541 599 
test_Adachi_00029.jpg,2 302 210 366 594 
test_Adachi_00030.jpg,7 50 167 597 369 
test_Adachi_00031.jpg,2 150 254 471 473 2 296 462 389 581 2 0 274 58 353 4 54 427 443 501 
test_Adachi_00032.jpg,7 33 332 599 522 
test_Adachi_00033.jpg,2 255 349 310 496 
test_Adachi_00034.jpg,8 0 297 121 438 7 37 396 599 584 2 251 287 331 343 
test_Adachi_00035.jpg,4 286 449 599 552 
test_Adachi_00036.jpg,2 431 236 596 422 
test_Adachi_00037.jpg,2 413 205 571 393 
test_Adachi_00038.jpg,2 374 377 596 551 
test_Adachi_00039.jpg,8 334 233 599 443 2 250 173 321 435 8 0 174 196 385 
test_Adachi_00040.jpg,3 137 503 578 578 1 0 297 204 526 
test_Adachi_00041.jpg,2 79 219 245 557 2 381 273 540 551 
test_Adachi_00042.jpg,8 379 203 599 490 1 254 186 317 416 
test_Adachi_00043.jpg,8 426 255 599 503 2 234 165 305 495 
test_Adachi_00044.jpg,2 15 145 224 500 
test_Adachi_00045.jpg,2 335 180 516 566 8 223 232 381 550 3 27 507 308 560 
test_Adachi_00046.jpg,8 373 210 503 589 2 7 213 264 461 
test_Adachi_00047.jpg,7 113 253 372 300 1 138 297 270 581 
test_Adachi_00048.jpg,7 160 150 599 269 
test_Adachi_00049.jpg,3 111 285 599 343 
test_Adachi_00050.jpg,2 385 358 599 592 
test_Adachi_00051.jpg,2 298 109 488 246 5 42 269 514 541 
test_Adachi_00052.jpg,3 124 333 599 399 
test_Adachi_00053.jpg,2 92 345 292 581 8 402 317 525 524 
test_Adachi_00054.jpg,2 111 389 169 598 
test_Adachi_00055.jpg,2 423 194 469 263 7 0 193 356 493 
test_Adachi_00056.jpg,2 358 263 531 581 7 236 187 477 253 
test_Adachi_00057.jpg,1 236 461 279 592 
test_Adachi_00058.jpg,1 321 105 587 459 8 0 190 106 358 
test_Adachi_00059.jpg,2 117 306 288 579 
test_Adachi_00060.jpg,
test_Adachi_00061.jpg,
test_Adachi_00062.jpg,7 0 346 599 509 
test_Adachi_00063.jpg,2 467 284 596 429 
test_Adachi_00064.jpg,8 122 347 247 588 2 300 296 453 364 
test_Adachi_00065.jpg,7 84 331 588 427 8 457 410 599 585 2 390 338 459 416 
test_Adachi_00066.jpg,7 2 395 599 588 
test_Adachi_00067.jpg,2 190 388 257 597 
test_Adachi_00068.jpg,3 174 354 593 485 1 122 311 287 565 
test_Adachi_00069.jpg,5 19 199 185 430 
test_Adachi_00070.jpg,2 337 366 474 579 
test_Adachi_00071.jpg,2 326 299 400 422 4 102 404 599 439 
test_Adachi_00072.jpg,
test_Adachi_00073.jpg,2 421 480 533 592 8 340 378 439 482 
test_Adachi_00074.jpg,3 249 354 425 417 1 415 363 575 592 
test_Adachi_00075.jpg,2 119 392 202 595 1 360 331 430 402 
test_Adachi_00076.jpg,7 45 276 593 528 
test_Adachi_00077.jpg,2 402 411 456 594 3 22 544 179 582 
test_Adachi_00078.jpg,1 373 307 500 457 8 356 234 599 413 
test_Adachi_00079.jpg,8 156 331 229 582 
test_Adachi_00080.jpg,1 173 303 235 385 
test_Adachi_00081.jpg,7 10 298 526 425 
test_Adachi_00082.jpg,2 99 271 256 440 
test_Adachi_00083.jpg,2 332 202 434 556 8 0 222 207 472 8 249 175 330 306 
test_Adachi_00084.jpg,1 378 469 483 596 8 77 412 237 593 
test_Adachi_00085.jpg,2 154 302 267 593 8 0 265 83 379 
test_Adachi_00086.jpg,1 328 301 431 423 1 140 341 247 516 8 3 350 165 501 
test_Adachi_00087.jpg,2 348 431 412 588 4 342 419 599 456 
test_Adachi_00088.jpg,2 194 287 270 483 2 7 281 203 579 
test_Adachi_00089.jpg,8 288 371 439 535 8 469 433 545 598 1 372 471 484 596 
test_Adachi_00090.jpg,1 90 421 248 599 8 404 293 598 532 
test_Adachi_00091.jpg,1 120 368 320 596 
test_Adachi_00092.jpg,2 211 341 302 590 5 302 337 548 559 
test_Adachi_00093.jpg,2 209 333 284 589 8 200 341 599 536 
test_Adachi_00094.jpg,8 379 262 598 512 
test_Adachi_00095.jpg,2 190 364 282 591 
test_Adachi_00096.jpg,2 282 284 409 591 8 293 335 511 415 
test_Adachi_00097.jpg,3 0 403 251 486 1 0 330 126 454 
test_Adachi_00098.jpg,7 169 291 593 386 2 157 385 249 585 1 385 401 482 549 
test_Adachi_00099.jpg,8 27 307 203 599 
test_Adachi_00100.jpg,7 0 413 579 599 
test_Adachi_00101.jpg,7 0 379 599 592 
test_Adachi_00102.jpg,
test_Adachi_00103.jpg,1 319 370 439 517 8 437 425 598 596 
test_Adachi_00104.jpg,7 8 181 596 545 7 276 92 488 127 
test_Adachi_00105.jpg,3 298 311 585 369 1 95 140 228 586 
test_Adachi_00106.jpg,2 377 290 555 590 1 142 470 207 556 
test_Adachi_00107.jpg,8 15 210 243 585 2 381 196 593 565 8 257 158 353 217 8 393 172 599 320 
test_Adachi_00108.jpg,2 23 94 172 310 
test_Adachi_00109.jpg,2 472 417 596 550 
test_Adachi_00110.jpg,1 286 458 349 595 
test_Adachi_00111.jpg,1 318 266 479 486 8 67 251 424 568 7 112 143 330 216 
test_Adachi_00112.jpg,2 314 246 365 568 
test_Adachi_00113.jpg,8 110 342 238 595 4 165 412 535 442 
test_Adachi_00114.jpg,3 259 461 454 525 
test_Adachi_00115.jpg,2 287 326 344 596 8 510 430 597 522 
test_Adachi_00116.jpg,2 206 244 283 558 
test_Adachi_00117.jpg,2 231 334 276 592 3 360 469 588 535 
test_Adachi_00118.jpg,3 15 441 475 530 
test_Adachi_00119.jpg,7 142 331 592 544 
test_Adachi_00120.jpg,2 393 242 573 558 3 233 438 509 524 
test_Adachi_00121.jpg,4 22 435 586 485 8 466 326 599 430 
test_Adachi_00122.jpg,5 114 260 378 544 
test_Adachi_00123.jpg,2 328 293 377 589 
test_Adachi_00124.jpg,1 277 373 339 594 2 415 373 591 561 
test_Adachi_00125.jpg,7 144 327 599 431 8 1 389 156 566 8 412 430 565 597 
test_Adachi_00126.jpg,2 415 212 598 461 1 224 249 320 337 
test_Adachi_00127.jpg,1 137 468 215 593 8 388 326 599 546 
test_Adachi_00128.jpg,1 15 325 233 572 
test_Adachi_00129.jpg,2 420 242 558 386 
test_Adachi_00130.jpg,2 59 292 256 588 2 410 357 580 582 8 400 243 599 466 
test_Adachi_00131.jpg,5 224 357 479 565 
test_Adachi_00132.jpg,8 173 305 311 435 2 332 334 383 588 2 4 408 207 537 
test_Adachi_00133.jpg,2 413 254 594 523 2 324 284 386 590 
test_Adachi_00134.jpg,2 0 303 107 489 8 346 359 599 560 
test_Adachi_00135.jpg,1 51 413 196 563 1 351 346 562 514 
test_Adachi_00136.jpg,7 27 238 599 599 2 323 91 578 553 
test_Adachi_00137.jpg,1 420 294 572 412 8 463 254 599 336 
test_Adachi_00138.jpg,2 450 316 594 529 
test_Adachi_00139.jpg,1 453 412 587 590 8 426 186 599 340 
test_Adachi_00140.jpg,2 284 297 321 387 8 435 397 586 598 
test_Adachi_00141.jpg,2 254 251 407 575 
test_Adachi_00142.jpg,8 397 382 587 599 2 337 366 399 467 
test_Adachi_00143.jpg,1 405 449 480 555 1 300 261 476 454 
test_Adachi_00144.jpg,7 32 307 526 401 8 318 390 535 570 
test_Adachi_00145.jpg,3 26 468 599 583 8 53 384 561 426 1 267 308 408 383 
test_Adachi_00146.jpg,8 391 421 529 596 4 204 362 599 386 2 356 374 442 556 
test_Adachi_00147.jpg,2 312 317 382 589 
test_Adachi_00148.jpg,7 166 409 575 562 
test_Adachi_00149.jpg,2 237 312 280 597 
test_Adachi_00150.jpg,4 84 528 599 578 
test_Adachi_00151.jpg,1 296 267 591 545 
test_Adachi_00152.jpg,2 198 339 267 555 4 213 520 579 562 
test_Adachi_00153.jpg,1 268 441 369 599 8 345 400 599 454 
test_Adachi_00154.jpg,
test_Adachi_00155.jpg,2 362 276 599 521 
test_Adachi_00156.jpg,7 56 242 599 449 
test_Adachi_00157.jpg,2 384 346 459 593 
test_Adachi_00158.jpg,5 161 383 572 595 
test_Adachi_00159.jpg,8 219 307 279 599 
test_Adachi_00160.jpg,2 309 333 403 586 
test_Adachi_00161.jpg,8 156 349 425 599 
test_Adachi_00162.jpg,2 406 238 535 401 8 503 388 599 505 
test_Adachi_00163.jpg,2 376 328 543 524 
test_Adachi_00164.jpg,5 44 318 357 562 
test_Adachi_00165.jpg,7 33 193 599 398 
test_Adachi_00166.jpg,2 144 261 211 597 1 390 324 467 387 
test_Adachi_00167.jpg,2 214 223 283 318 2 368 336 454 585 4 39 276 545 355 
test_Adachi_00168.jpg,8 12 288 257 468 2 359 454 422 598 
test_Adachi_00169.jpg,1 206 318 301 559 2 362 296 577 414 
test_Adachi_00170.jpg,5 121 369 570 589 
test_Adachi_00171.jpg,8 405 375 595 547 
test_Adachi_00172.jpg,1 133 213 284 467 
test_Adachi_00173.jpg,2 347 334 553 590 
test_Adachi_00174.jpg,
test_Adachi_00175.jpg,2 362 293 441 588 1 511 482 593 589 
test_Adachi_00176.jpg,2 399 305 487 448 
test_Adachi_00177.jpg,8 416 282 584 597 
test_Adachi_00178.jpg,7 39 271 409 411 2 58 328 217 593 
test_Adachi_00179.jpg,5 86 357 569 592 
test_Adachi_00180.jpg,2 322 181 409 593 2 9 196 234 330 8 391 199 599 381 
test_Adachi_00181.jpg,2 353 196 430 329 
test_Adachi_00182.jpg,2 339 171 556 576 
test_Adachi_00183.jpg,1 448 282 597 474 
test_Adachi_00184.jpg,1 180 202 274 431 
test_Adachi_00185.jpg,1 244 368 396 587 
test_Adachi_00186.jpg,2 160 244 228 478 3 151 225 512 332 
test_Adachi_00187.jpg,1 119 337 248 508 2 411 223 560 492 
test_Adachi_00188.jpg,2 335 276 378 556 
test_Adachi_00189.jpg,2 108 168 270 571 2 484 370 592 517 2 0 232 127 338 4 202 347 579 392 
test_Adachi_00190.jpg,8 259 432 371 593 
test_Adachi_00191.jpg,1 458 232 599 417 
test_Adachi_00192.jpg,2 236 133 339 526 8 469 366 598 518 
test_Adachi_00193.jpg,2 383 357 543 592 
test_Adachi_00194.jpg,2 422 373 598 552 
test_Adachi_00195.jpg,3 122 431 327 500 1 360 496 506 598 
test_Adachi_00196.jpg,2 346 321 538 548 
test_Adachi_00197.jpg,8 393 403 504 591 2 334 220 422 408 
test_Adachi_00198.jpg,2 385 331 599 545 
test_Adachi_00199.jpg,1 103 210 277 467 1 350 201 469 373 
test_Adachi_00200.jpg,
test_Adachi_00201.jpg,8 374 385 484 459 8 301 436 381 591 2 490 482 599 562 
test_Adachi_00202.jpg,2 111 378 293 539 
test_Adachi_00203.jpg,2 277 319 342 592 
test_Adachi_00204.jpg,1 210 410 297 580 
test_Adachi_00205.jpg,2 233 156 308 582 
test_Adachi_00206.jpg,8 430 270 593 487 
test_Adachi_00207.jpg,1 421 236 553 412 
test_Adachi_00208.jpg,2 122 401 202 506 5 253 362 574 596 
test_Adachi_00209.jpg,2 3 161 179 459 1 394 270 511 458 1 496 458 571 543 
test_Adachi_00210.jpg,8 92 346 426 599 
test_Adachi_00211.jpg,1 119 209 278 455 8 0 294 148 423 1 369 225 498 433 
test_Adachi_00212.jpg,
test_Adachi_00213.jpg,2 247 330 292 532 
test_Adachi_00214.jpg,1 23 422 148 554 8 348 306 597 597 
test_Adachi_00215.jpg,2 340 188 527 573 8 2 280 151 457 
test_Adachi_00216.jpg,1 155 334 236 452 1 460 342 599 450 2 257 451 301 599 
test_Adachi_00217.jpg,7 9 315 592 514 
test_Adachi_00218.jpg,7 0 247 308 527 2 434 216 553 562 
test_Adachi_00219.jpg,5 298 357 457 502 
test_Adachi_00220.jpg,1 374 437 514 572 4 26 544 482 579 
test_Adachi_00221.jpg,7 238 321 521 379 8 400 387 552 554 1 378 408 464 532 
test_Adachi_00222.jpg,1 469 287 588 445 5 146 443 565 587 
test_Adachi_00223.jpg,4 233 416 588 445 5 384 361 508 406 5 273 420 391 449 
test_Adachi_00224.jpg,2 267 148 321 308 2 192 374 271 572 4 29 348 425 381 
test_Adachi_00225.jpg,8 109 188 411 528 
test_Adachi_00226.jpg,2 266 295 599 533 
test_Adachi_00227.jpg,8 111 210 227 311 
test_Adachi_00228.jpg,7 60 322 599 567 
test_Adachi_00229.jpg,2 433 462 563 590 8 370 385 599 425 
test_Adachi_00230.jpg,7 8 282 590 577 
test_Adachi_00231.jpg,1 361 124 599 459 1 146 100 291 549 
test_Adachi_00232.jpg,8 396 457 511 592 
test_Adachi_00233.jpg,8 0 133 202 399 1 319 163 420 365 
test_Adachi_00234.jpg,8 328 388 382 470 2 338 400 462 591 
test_Adachi_00235.jpg,7 114 151 598 290 
test_Adachi_00236.jpg,8 407 279 599 485 8 88 269 238 394 
test_Adachi_00237.jpg,8 312 317 599 507 3 52 394 323 470 
test_Adachi_00238.jpg,2 233 191 280 491 
test_Adachi_00239.jpg,1 484 368 589 544 
test_Adachi_00240.jpg,2 172 323 219 589 
test_Adachi_00241.jpg,2 118 448 210 596 4 169 419 580 460 
test_Adachi_00242.jpg,2 10 307 242 530 8 421 299 599 509 
test_Adachi_00243.jpg,8 166 456 532 597 2 135 294 180 591 
test_Adachi_00244.jpg,8 374 487 449 591 
test_Adachi_00245.jpg,1 439 306 568 546 
test_Adachi_00246.jpg,7 19 141 576 302 
test_Adachi_00247.jpg,2 446 392 591 554 7 247 319 577 373 
test_Adachi_00248.jpg,5 213 277 583 549 
test_Adachi_00249.jpg,8 134 363 486 595 3 340 420 566 467 
test_Adachi_00250.jpg,2 298 312 429 589 
test_Adachi_00251.jpg,1 345 387 475 543 
test_Adachi_00252.jpg,8 351 305 599 426 1 290 332 383 441 1 363 455 502 599 
test_Adachi_00253.jpg,1 21 193 373 476 7 3 132 160 171 
test_Adachi_00254.jpg,8 1 170 163 371 2 331 183 429 452 2 429 465 480 556 
test_Adachi_00255.jpg,2 353 376 423 593 8 138 378 311 514 
test_Adachi_00256.jpg,1 187 444 308 592 8 469 331 599 470 
test_Adachi_00257.jpg,7 25 167 599 318 4 120 469 548 587 
test_Adachi_00258.jpg,2 389 367 560 595 
test_Adachi_00259.jpg,5 39 276 599 529 
test_Adachi_00260.jpg,2 336 450 388 590 2 415 342 590 468 3 0 456 341 510 
test_Adachi_00261.jpg,2 5 93 187 487 5 128 353 346 595 
test_Adachi_00262.jpg,7 54 399 573 555 
test_Adachi_00263.jpg,2 382 334 578 578 
test_Adachi_00264.jpg,
test_Adachi_00265.jpg,3 163 310 599 379 1 334 394 385 522 
test_Adachi_00266.jpg,1 55 281 221 494 2 362 165 470 273 1 487 307 591 410 8 1 262 120 404 4 382 246 598 273 
test_Adachi_00267.jpg,2 386 266 476 551 
test_Adachi_00268.jpg,1 248 314 360 429 
test_Adachi_00269.jpg,7 15 381 599 596 
test_Adachi_00270.jpg,2 183 344 251 590 
test_Adachi_00271.jpg,7 14 346 599 571 
test_Adachi_00272.jpg,2 373 244 558 580 8 2 203 243 574 8 268 169 345 220 
test_Adachi_00273.jpg,2 139 264 272 591 8 217 287 379 404 
test_Adachi_00274.jpg,2 182 278 444 586 
test_Adachi_00275.jpg,2 404 267 594 571 
test_Adachi_00276.jpg,2 431 301 593 518 
test_Adachi_00277.jpg,2 47 341 116 450 
test_Adachi_00278.jpg,8 370 302 598 507 
test_Adachi_00279.jpg,2 0 322 194 480 1 331 319 541 586 
test_Adachi_00280.jpg,4 180 482 437 521 4 280 339 546 370 
test_Adachi_00281.jpg,2 0 309 200 582 
test_Adachi_00282.jpg,1 353 215 487 451 1 47 219 264 468 
test_Adachi_00283.jpg,1 397 328 516 439 
test_Adachi_00284.jpg,2 254 387 363 593 
test_Adachi_00285.jpg,2 357 187 464 327 8 464 324 593 465 7 184 304 599 481 
test_Adachi_00286.jpg,3 16 391 517 517 6 242 298 352 373 
test_Adachi_00287.jpg,2 347 210 417 299 2 429 336 569 507 4 110 296 599 358 
test_Adachi_00288.jpg,2 359 226 560 581 7 255 172 461 216 
test_Adachi_00289.jpg,8 9 317 270 585 2 300 360 353 596 
test_Adachi_00290.jpg,2 314 312 477 595 8 374 341 464 441 
test_Adachi_00291.jpg,2 280 285 322 505 4 140 329 312 353 
test_Adachi_00292.jpg,2 275 202 341 585 
test_Adachi_00293.jpg,2 294 216 350 365 4 34 333 441 387 
test_Adachi_00294.jpg,2 362 255 533 582 7 240 184 476 252 
test_Adachi_00295.jpg,2 354 304 584 591 
test_Adachi_00296.jpg,2 354 302 598 556 
test_Adachi_00297.jpg,2 4 134 161 406 
test_Adachi_00298.jpg,2 354 338 463 594 
test_Adachi_00299.jpg,2 0 433 128 587 4 153 394 576 436 8 421 314 589 384 2 309 278 375 355 
test_Adachi_00300.jpg,1 252 498 334 597 1 246 333 291 406 
test_Adachi_00301.jpg,2 332 159 432 353 2 439 383 548 583 
test_Adachi_00302.jpg,2 312 267 360 588 
test_Adachi_00303.jpg,2 5 328 183 587 8 339 251 549 388 5 104 366 599 593 
test_Adachi_00304.jpg,
test_Adachi_00305.jpg,8 53 167 137 582 
test_Adachi_00306.jpg,2 254 294 419 572 
test_Adachi_00307.jpg,8 382 317 599 554 5 25 405 263 546 
test_Adachi_00308.jpg,2 444 401 543 596 
test_Adachi_00309.jpg,3 7 300 599 382 
test_Adachi_00310.jpg,2 316 107 433 594 
test_Adachi_00311.jpg,2 390 344 458 528 4 404 339 599 369 4 404 504 597 549 
test_Adachi_00312.jpg,1 39 155 196 356 1 275 120 344 195 
test_Adachi_00313.jpg,2 301 303 353 591 4 370 343 594 378 
test_Adachi_00314.jpg,2 365 338 557 589 4 229 343 368 376 5 241 384 550 589 
test_Adachi_00315.jpg,7 158 174 599 263 8 29 388 562 467 
test_Adachi_00316.jpg,1 170 378 230 579 
test_Adachi_00317.jpg,8 436 364 594 503 
test_Adachi_00318.jpg,7 152 133 591 258 8 20 504 369 590 3 407 327 531 370 
test_Adachi_00319.jpg,2 369 186 486 340 4 193 327 569 365 2 477 335 597 478 
test_Adachi_00320.jpg,1 145 251 227 440 2 319 130 430 465 2 430 459 475 554 
test_Adachi_00321.jpg,2 303 342 450 587 
test_Adachi_00322.jpg,2 476 380 579 545 2 380 188 459 339 
test_Adachi_00323.jpg,
test_Adachi_00324.jpg,2 386 365 593 544 
test_Adachi_00325.jpg,7 81 274 340 350 2 18 335 180 452 
test_Adachi_00326.jpg,2 349 151 597 429 8 0 223 178 423 
test_Adachi_00327.jpg,8 424 357 599 527 8 11 404 273 570 
test_Adachi_00328.jpg,1 369 222 589 567 
test_Adachi_00329.jpg,2 381 361 585 590 
test_Adachi_00330.jpg,5 209 210 336 349 7 63 327 599 586 5 423 225 592 352 
test_Chiba_00001.jpg,7 269 473 590 538 
test_Chiba_00002.jpg,7 0 513 529 593 
test_Chiba_00003.jpg,2 397 452 562 575 8 152 461 309 595 1 282 503 341 589 
test_Chiba_00004.jpg,7 101 512 567 596 
test_Chiba_00005.jpg,8 434 468 599 561 8 190 465 313 582 1 300 484 364 554 
test_Chiba_00006.jpg,8 429 454 596 582 8 129 483 300 597 
test_Chiba_00007.jpg,8 360 418 499 574 
test_Chiba_00008.jpg,2 431 428 555 582 1 285 473 367 557 
test_Chiba_00009.jpg,8 154 481 396 595 8 15 507 67 591 
test_Chiba_00010.jpg,8 305 443 464 590 1 121 474 230 589 8 20 450 209 591 
test_Chiba_00011.jpg,2 387 450 596 574 
test_Chiba_00012.jpg,1 114 504 176 593 
test_Chiba_00013.jpg,5 397 474 545 580 
test_Chiba_00014.jpg,7 49 521 599 592 8 405 483 588 591 
test_Chiba_00015.jpg,7 45 506 574 595 
test_Chiba_00016.jpg,1 332 473 405 571 
test_Chiba_00017.jpg,2 303 471 356 579 8 463 464 594 572 
test_Chiba_00018.jpg,2 149 476 332 585 
test_Chiba_00019.jpg,7 19 470 599 581 
test_Chiba_00020.jpg,7 256 513 599 588 
test_Chiba_00021.jpg,1 454 483 582 581 8 232 445 354 588 1 275 469 399 584 
test_Chiba_00022.jpg,1 469 479 593 572 
test_Chiba_00023.jpg,1 248 508 304 596 
test_Chiba_00024.jpg,7 86 470 599 538 
test_Chiba_00025.jpg,2 259 457 372 553 
test_Chiba_00026.jpg,8 189 491 294 585 8 462 481 599 566 2 283 488 332 578 
test_Chiba_00027.jpg,1 75 474 152 567 1 297 510 356 589 
test_Chiba_00028.jpg,1 386 482 440 569 8 447 476 599 566 
test_Chiba_00029.jpg,8 39 474 173 590 1 115 530 166 594 
test_Chiba_00030.jpg,2 438 469 598 569 8 223 469 342 589 1 329 485 382 588 8 359 472 440 522 
test_Chiba_00031.jpg,2 70 463 179 588 
test_Chiba_00032.jpg,1 396 454 556 584 8 171 446 330 574 
test_Chiba_00033.jpg,8 315 407 495 569 8 5 428 184 579 2 245 412 276 549 
test_Chiba_00034.jpg,2 290 398 397 530 
test_Chiba_00035.jpg,2 381 447 567 580 1 251 504 319 587 
test_Chiba_00036.jpg,8 328 414 502 570 8 18 438 180 585 
test_Chiba_00037.jpg,7 232 493 557 579 
test_Chiba_00038.jpg,8 313 451 480 589 
test_Chiba_00039.jpg,7 111 485 593 576 
test_Chiba_00040.jpg,4 328 509 535 535 8 306 471 380 593 
test_Chiba_00041.jpg,1 163 541 240 599 
test_Chiba_00042.jpg,2 68 431 205 541 1 308 428 388 525 1 217 407 265 458 8 395 408 574 571 
test_Chiba_00043.jpg,8 225 470 328 587 2 319 468 363 581 
test_Chiba_00044.jpg,8 324 456 436 590 2 189 459 263 584 
test_Chiba_00045.jpg,8 194 461 321 590 8 435 473 599 562 1 427 482 527 554 
test_Chiba_00046.jpg,8 306 403 485 568 8 4 417 194 583 
test_Chiba_00047.jpg,2 486 474 588 548 
test_Chiba_00048.jpg,8 225 476 333 583 8 455 475 599 561 
test_Chiba_00049.jpg,8 334 403 509 571 
test_Chiba_00050.jpg,2 387 450 596 560 
test_Chiba_00051.jpg,1 428 492 498 582 
test_Chiba_00052.jpg,7 15 513 586 588 
test_Chiba_00053.jpg,2 265 486 410 573 2 540 486 595 562 
test_Chiba_00054.jpg,8 285 448 492 587 8 75 436 204 591 
test_Chiba_00055.jpg,2 404 455 591 572 8 205 481 322 592 
test_Chiba_00056.jpg,5 450 496 550 569 
test_Chiba_00057.jpg,8 428 461 599 564 
test_Chiba_00058.jpg,1 298 432 385 536 8 492 449 599 558 
test_Chiba_00059.jpg,8 473 488 599 565 1 400 492 456 583 
test_Chiba_00060.jpg,8 418 460 599 569 8 207 466 328 589 2 315 462 361 579 
test_Chiba_00061.jpg,8 143 532 251 598 1 106 545 163 595 
test_Chiba_00062.jpg,8 289 458 441 597 
test_Chiba_00063.jpg,8 440 467 599 574 1 385 495 458 582 2 184 493 273 581 
test_Chiba_00064.jpg,8 366 426 571 579 
test_Chiba_00065.jpg,1 215 491 285 593 
test_Chiba_00066.jpg,7 5 543 580 598 
test_Chiba_00067.jpg,7 358 432 595 508 2 13 449 106 528 2 380 428 427 495 
test_Chiba_00068.jpg,
test_Chiba_00069.jpg,7 36 525 599 594 
test_Chiba_00070.jpg,2 459 493 542 579 2 343 470 387 532 
test_Chiba_00071.jpg,8 297 436 458 583 
test_Chiba_00072.jpg,2 177 501 312 587 
test_Chiba_00073.jpg,1 439 486 581 566 1 317 457 383 582 
test_Chiba_00074.jpg,7 0 498 599 588 
test_Chiba_00075.jpg,1 182 522 245 592 8 246 515 348 584 2 37 483 102 595 
test_Chiba_00076.jpg,7 10 480 258 513 2 86 514 203 591 
test_Chiba_00077.jpg,2 376 455 539 582 1 120 501 209 584 
test_Chiba_00078.jpg,2 436 486 516 552 8 501 542 555 586 
test_Chiba_00079.jpg,1 276 464 363 574 1 194 462 262 550 
test_Chiba_00080.jpg,1 423 487 503 586 
test_Chiba_00081.jpg,2 311 501 407 593 
test_Chiba_00082.jpg,8 331 472 477 592 
test_Chiba_00083.jpg,8 476 495 598 575 8 198 472 321 591 
test_Chiba_00084.jpg,2 397 468 595 581 
test_Chiba_00085.jpg,8 423 495 509 579 
test_Chiba_00086.jpg,7 225 485 599 567 
test_Chiba_00087.jpg,2 481 470 594 560 8 88 485 311 587 1 342 500 436 580 
test_Chiba_00088.jpg,8 453 470 599 560 1 297 481 373 578 
test_Chiba_00089.jpg,8 290 464 461 590 
test_Chiba_00090.jpg,7 26 512 599 596 
test_Chiba_00091.jpg,1 126 536 182 595 8 247 505 577 597 
test_Chiba_00092.jpg,8 434 466 597 564 1 324 488 375 558 8 189 463 308 580 
test_Chiba_00093.jpg,8 435 466 599 555 1 302 457 372 583 
test_Chiba_00094.jpg,8 315 407 465 569 4 318 438 584 481 8 10 418 199 541 
test_Ichihara_00001.jpg,2 2 408 259 581 2 426 404 582 515 
test_Ichihara_00002.jpg,8 28 445 204 598 1 390 433 517 585 8 200 377 311 462 
test_Ichihara_00003.jpg,1 330 408 466 580 2 372 389 594 552 
test_Ichihara_00004.jpg,1 309 503 384 594 
test_Ichihara_00005.jpg,2 464 418 599 550 8 13 415 255 592 
test_Ichihara_00006.jpg,5 73 407 414 597 
test_Ichihara_00007.jpg,8 394 398 599 576 8 43 409 284 590 1 135 430 295 589 
test_Ichihara_00008.jpg,8 467 440 599 555 1 205 413 327 588 
test_Ichihara_00009.jpg,1 255 419 350 599 8 111 385 305 565 
test_Ichihara_00010.jpg,8 285 428 330 596 
test_Ichihara_00011.jpg,1 280 515 439 596 1 348 432 387 483 
test_Ichihara_00012.jpg,5 132 409 589 598 
test_Ichihara_00013.jpg,7 205 375 581 426 8 472 401 599 500 1 178 456 288 590 
test_Ichihara_00014.jpg,2 419 432 598 557 1 173 442 267 587 
test_Ichihara_00015.jpg,
test_Ichihara_00016.jpg,1 196 502 270 595 
test_Ichihara_00017.jpg,7 0 420 592 527 
test_Ichihara_00018.jpg,8 413 401 599 541 1 226 496 305 596 
test_Ichihara_00019.jpg,8 4 431 239 593 1 245 496 335 590 
test_Ichihara_00020.jpg,7 2 433 599 590 
test_Ichihara_00021.jpg,8 399 402 599 563 1 187 407 307 594 8 52 386 279 588 
test_Ichihara_00022.jpg,6 291 393 580 597 
test_Ichihara_00023.jpg,8 386 395 596 590 
test_Ichihara_00024.jpg,1 169 457 279 596 1 276 376 334 432 2 443 377 568 465 
test_Ichihara_00025.jpg,8 319 406 587 593 
test_Ichihara_00026.jpg,8 438 482 538 594 8 25 416 260 567 2 399 395 448 485 
test_Ichihara_00027.jpg,8 8 380 299 595 8 319 433 379 598 8 403 389 599 524 1 152 401 285 574 
test_Ichihara_00028.jpg,7 12 449 599 598 8 215 371 323 463 
test_Ichihara_00029.jpg,1 393 401 541 591 
test_Ichihara_00030.jpg,5 77 409 303 591 
test_Ichihara_00031.jpg,2 454 422 597 537 
test_Ichihara_00032.jpg,7 21 472 599 598 
test_Ichihara_00033.jpg,8 460 433 599 555 8 0 470 187 594 1 211 484 290 586 
test_Ichihara_00034.jpg,1 307 472 450 597 1 94 444 268 594 
test_Ichihara_00035.jpg,1 386 450 470 598 
test_Ichihara_00036.jpg,7 6 427 599 583 
test_Ichihara_00037.jpg,8 2 408 255 590 8 399 390 599 573 1 370 405 480 581 
test_Ichihara_00038.jpg,1 423 402 504 596 
test_Ichihara_00039.jpg,7 215 430 599 598 1 385 408 448 466 
test_Ichihara_00040.jpg,8 474 439 599 545 1 205 441 306 583 
test_Ichihara_00041.jpg,8 381 377 599 582 8 4 413 247 591 1 175 436 285 589 
test_Ichihara_00042.jpg,8 4 474 170 599 2 404 409 509 480 
test_Ichihara_00043.jpg,5 160 392 566 598 
test_Ichihara_00044.jpg,1 211 455 270 510 2 458 392 524 445 
test_Ichihara_00045.jpg,7 0 441 599 598 
test_Ichihara_00046.jpg,2 174 417 298 539 
test_Ichihara_00047.jpg,2 466 413 596 505 
test_Ichihara_00048.jpg,2 422 404 558 593 
test_Ichihara_00049.jpg,8 478 468 599 580 2 111 383 247 489 8 4 471 125 570 2 395 403 485 476 
test_Ichihara_00050.jpg,7 16 423 597 545 
test_Ichihara_00051.jpg,5 76 392 595 599 8 29 391 290 587 
test_Muroran_00001.jpg,8 58 406 225 595 8 437 371 599 545 7 205 330 425 377 
test_Muroran_00002.jpg,5 18 398 304 591 5 313 426 596 584 6 303 371 388 414 
test_Muroran_00003.jpg,5 205 385 456 594 2 357 379 486 584 
test_Muroran_00004.jpg,5 14 381 233 596 2 281 399 337 591 
test_Muroran_00005.jpg,2 95 358 217 580 5 246 433 599 596 8 316 366 381 435 
test_Muroran_00006.jpg,8 20 343 289 591 8 415 372 563 538 
test_Muroran_00007.jpg,5 27 368 538 594 
test_Muroran_00008.jpg,5 37 351 481 593 
test_Muroran_00009.jpg,5 419 444 599 592 5 134 386 240 570 
test_Muroran_00010.jpg,2 147 377 262 595 2 304 365 349 596 
test_Muroran_00011.jpg,7 366 329 555 383 2 357 371 423 454 
test_Muroran_00012.jpg,5 320 389 586 590 
test_Muroran_00013.jpg,8 41 429 520 479 
test_Muroran_00014.jpg,5 317 339 589 568 2 296 347 417 589 
test_Muroran_00015.jpg,5 171 393 486 598 
test_Muroran_00016.jpg,1 484 469 567 599 
test_Muroran_00017.jpg,5 108 352 596 588 
test_Muroran_00018.jpg,5 245 413 360 587 
test_Muroran_00019.jpg,5 0 346 599 599 
test_Muroran_00020.jpg,2 266 336 331 584 1 377 410 441 489 4 197 468 597 533 
test_Muroran_00021.jpg,5 254 421 483 596 1 520 475 595 556 
test_Muroran_00022.jpg,8 332 380 377 543 5 81 396 558 588 
test_Muroran_00023.jpg,5 32 348 579 590 
test_Muroran_00024.jpg,2 342 487 425 591 1 103 420 239 546 1 459 503 595 593 
test_Muroran_00025.jpg,8 311 465 392 596 2 6 358 210 584 2 266 355 327 587 
test_Muroran_00026.jpg,2 307 299 497 599 2 134 356 268 594 
test_Muroran_00027.jpg,5 207 487 295 592 
test_Muroran_00028.jpg,5 36 321 599 599 
test_Muroran_00029.jpg,2 342 376 432 524 1 226 401 282 506 
test_Muroran_00030.jpg,5 25 362 280 571 2 372 350 515 592 
test_Muroran_00031.jpg,5 64 369 584 592 
test_Muroran_00032.jpg,5 72 351 569 595 8 405 387 596 531 
test_Muroran_00033.jpg,8 417 448 500 599 1 270 436 348 595 2 366 345 419 595 
test_Muroran_00034.jpg,5 0 374 464 591 2 396 340 591 559 
test_Muroran_00035.jpg,8 395 412 569 586 1 95 405 222 575 
test_Muroran_00036.jpg,2 38 378 225 590 8 207 350 253 404 
test_Muroran_00037.jpg,5 240 349 591 594 
test_Muroran_00038.jpg,5 2 390 474 595 8 391 482 487 597 
test_Muroran_00039.jpg,5 302 387 599 599 
test_Muroran_00040.jpg,5 0 379 284 594 
test_Muroran_00041.jpg,5 226 360 599 590 8 237 370 494 409 
test_Muroran_00042.jpg,2 410 373 583 589 
test_Muroran_00043.jpg,5 69 322 484 579 3 3 452 214 511 
test_Muroran_00044.jpg,5 17 391 576 590 
test_Muroran_00045.jpg,5 0 386 487 594 
test_Muroran_00046.jpg,5 135 392 565 594 
test_Muroran_00047.jpg,2 186 338 252 594 8 0 354 192 558 8 438 407 599 526 3 267 391 502 435 
test_Muroran_00048.jpg,5 10 423 553 594 
test_Muroran_00049.jpg,5 19 351 284 599 2 30 356 154 593 
test_Muroran_00050.jpg,5 232 373 599 594 
test_Muroran_00051.jpg,5 311 425 587 596 1 33 465 153 596 5 0 365 145 483 
test_Muroran_00052.jpg,6 448 477 502 506 5 74 382 367 585 
test_Muroran_00053.jpg,5 191 421 494 594 
test_Muroran_00054.jpg,2 165 355 288 590 5 285 278 439 407 5 228 506 464 593 
test_Muroran_00055.jpg,5 476 402 589 487 
test_Muroran_00056.jpg,5 74 357 285 599 
test_Muroran_00057.jpg,6 193 392 543 586 
test_Muroran_00058.jpg,2 158 507 247 587 8 0 513 98 594 6 79 560 133 597 1 384 546 486 595 
test_Muroran_00059.jpg,7 11 466 599 599 2 311 383 368 485 4 22 366 599 397 
test_Muroran_00060.jpg,1 127 458 206 599 1 351 350 420 429 
test_Muroran_00061.jpg,2 278 346 358 599 
test_Muroran_00062.jpg,5 372 320 597 597 
test_Muroran_00063.jpg,1 381 373 588 544 
test_Muroran_00064.jpg,5 16 384 593 591 
test_Muroran_00065.jpg,5 268 364 599 596 
test_Muroran_00066.jpg,5 5 377 494 593 
test_Muroran_00067.jpg,8 123 359 313 596 1 383 427 554 591 
test_Muroran_00068.jpg,8 418 379 551 503 5 65 339 282 599 
test_Muroran_00069.jpg,8 144 417 206 599 5 174 425 514 593 
test_Muroran_00070.jpg,2 154 330 268 599 8 316 367 372 449 
test_Muroran_00071.jpg,5 350 422 460 558 
test_Muroran_00072.jpg,5 268 322 455 577 5 0 378 147 566 
test_Muroran_00073.jpg,1 425 478 546 597 
test_Muroran_00074.jpg,
test_Muroran_00075.jpg,8 92 417 222 597 
test_Muroran_00076.jpg,1 267 438 372 591 1 492 397 599 482 
test_Muroran_00077.jpg,2 194 386 249 597 
test_Muroran_00078.jpg,4 0 391 568 431 1 447 420 504 479 
test_Muroran_00079.jpg,2 377 398 492 590 
test_Muroran_00080.jpg,2 383 359 463 592 2 224 361 342 599 3 447 500 599 536 
test_Muroran_00081.jpg,2 394 397 556 587 
test_Muroran_00082.jpg,5 12 324 544 591 
test_Muroran_00083.jpg,5 299 339 570 567 
test_Muroran_00084.jpg,2 229 375 327 596 
test_Muroran_00085.jpg,5 49 379 481 595 
test_Muroran_00086.jpg,8 383 358 426 413 1 159 357 273 501 
test_Muroran_00087.jpg,5 207 384 506 597 
test_Muroran_00088.jpg,1 331 322 423 599 
test_Muroran_00089.jpg,5 262 469 433 594 
test_Muroran_00090.jpg,5 160 401 510 589 
test_Muroran_00091.jpg,8 310 352 417 480 1 24 406 154 588 
test_Muroran_00092.jpg,5 43 338 292 595 
test_Muroran_00093.jpg,5 191 414 572 598 2 188 351 256 593 
test_Muroran_00094.jpg,2 312 493 352 591 8 404 544 477 593 2 357 487 486 587 
test_Muroran_00095.jpg,5 247 386 588 595 
test_Muroran_00096.jpg,8 403 324 591 452 5 276 456 375 590 
test_Muroran_00097.jpg,8 363 366 534 598 1 171 393 229 449 
test_Muroran_00098.jpg,2 387 403 594 591 8 10 404 173 597 1 223 411 273 476 
test_Muroran_00099.jpg,5 28 368 424 594 
test_Muroran_00100.jpg,2 182 468 230 583 
test_Muroran_00101.jpg,5 168 342 457 591 
test_Muroran_00102.jpg,8 3 343 258 584 1 394 411 594 591 8 347 334 382 382 
test_Muroran_00103.jpg,1 426 443 524 592 3 2 447 297 501 
test_Muroran_00104.jpg,8 470 458 594 595 8 0 373 224 591 2 203 398 289 594 1 315 387 354 481 
test_Muroran_00105.jpg,8 348 485 491 596 1 224 516 278 595 
test_Muroran_00106.jpg,5 273 383 423 501 
test_Muroran_00107.jpg,5 92 367 534 592 8 407 517 483 596 
test_Muroran_00108.jpg,5 169 368 388 594 
test_Muroran_00109.jpg,5 26 360 590 590 
test_Muroran_00110.jpg,2 348 396 539 591 
test_Muroran_00111.jpg,8 343 453 439 594 5 278 420 450 592 
test_Muroran_00112.jpg,5 66 392 374 594 
test_Muroran_00113.jpg,5 124 362 578 592 
test_Muroran_00114.jpg,1 166 407 252 524 
test_Muroran_00115.jpg,2 298 346 358 592 
test_Muroran_00116.jpg,6 99 407 584 598 1 427 449 526 535 
test_Muroran_00117.jpg,2 0 418 160 549 2 204 437 279 593 
test_Muroran_00118.jpg,5 396 415 599 599 
test_Muroran_00119.jpg,5 3 375 482 597 1 281 444 340 590 
test_Muroran_00120.jpg,1 359 489 454 595 5 63 466 337 596 
test_Muroran_00121.jpg,5 85 393 549 597 
test_Muroran_00122.jpg,8 346 391 397 465 
test_Muroran_00123.jpg,2 545 528 594 591 
test_Muroran_00124.jpg,8 370 440 455 598 1 240 391 294 516 
test_Muroran_00125.jpg,6 37 368 247 569 2 323 392 538 594 
test_Muroran_00126.jpg,1 37 475 206 587 2 377 424 443 599 
test_Muroran_00127.jpg,8 405 322 591 449 5 278 453 377 589 
test_Muroran_00128.jpg,2 416 369 588 533 8 36 417 194 599 
test_Muroran_00129.jpg,2 368 357 570 594 2 112 428 202 594 2 266 344 312 598 2 199 310 263 415 4 19 392 298 427 
test_Muroran_00130.jpg,5 69 366 424 598 
test_Muroran_00131.jpg,8 70 363 285 593 1 395 436 497 595 1 195 488 272 590 8 532 469 598 539 
test_Muroran_00132.jpg,5 35 381 586 594 6 224 427 292 491 
test_Muroran_00133.jpg,6 221 324 407 599 
test_Muroran_00134.jpg,8 338 330 520 598 8 0 336 208 561 
test_Muroran_00135.jpg,5 185 362 581 593 
test_Muroran_00136.jpg,5 157 339 360 599 8 501 351 599 440 
test_Muroran_00137.jpg,1 308 390 459 599 8 0 375 220 552 8 351 365 388 412 
test_Muroran_00138.jpg,5 120 364 557 586 
test_Muroran_00139.jpg,8 264 422 570 485 5 353 409 599 588 
test_Muroran_00140.jpg,5 175 340 592 589 
test_Muroran_00141.jpg,5 136 449 490 596 
test_Muroran_00142.jpg,
test_Muroran_00143.jpg,8 377 406 469 597 5 29 398 385 590 6 487 381 536 405 
test_Muroran_00144.jpg,5 158 451 378 594 
test_Muroran_00145.jpg,6 373 360 414 387 1 265 331 339 451 8 0 288 153 434 6 12 367 142 564 
test_Muroran_00146.jpg,5 323 462 549 596 
test_Muroran_00147.jpg,5 291 373 474 592 
test_Muroran_00148.jpg,8 498 463 599 581 8 97 391 271 599 2 310 377 361 509 
test_Muroran_00149.jpg,5 42 369 564 594 
test_Muroran_00150.jpg,5 167 378 572 595 
test_Muroran_00151.jpg,1 299 432 420 590 1 195 419 252 591 
test_Muroran_00152.jpg,5 35 381 528 596 
test_Muroran_00153.jpg,8 5 332 262 564 1 115 446 242 589 8 471 527 539 596 1 516 370 599 440 1 306 364 360 468 
test_Muroran_00154.jpg,5 174 375 435 597 
test_Muroran_00155.jpg,5 6 429 529 599 
test_Muroran_00156.jpg,8 33 350 204 594 8 388 395 573 545 1 243 371 468 590 
test_Muroran_00157.jpg,2 198 315 280 595 
test_Muroran_00158.jpg,3 5 519 540 594 
test_Muroran_00159.jpg,8 374 389 474 494 2 109 360 234 593 
test_Muroran_00160.jpg,2 20 361 268 599 2 351 306 403 595 
test_Muroran_00161.jpg,5 357 372 597 582 
test_Muroran_00162.jpg,6 483 511 590 583 5 27 377 474 598 
test_Muroran_00163.jpg,5 212 369 596 597 
test_Muroran_00164.jpg,5 57 362 275 583 
test_Muroran_00165.jpg,1 132 455 207 552 5 369 334 593 560 8 410 388 568 579 
test_Muroran_00166.jpg,5 96 410 497 592 1 395 450 559 538 
test_Muroran_00167.jpg,5 7 335 408 596 
test_Muroran_00168.jpg,5 272 355 578 589 
test_Muroran_00169.jpg,5 10 389 239 580 
test_Muroran_00170.jpg,8 3 335 231 553 8 366 354 427 431 
test_Muroran_00171.jpg,5 118 357 597 583 
test_Muroran_00172.jpg,5 13 405 405 597 
test_Muroran_00173.jpg,2 231 433 281 591 
test_Muroran_00174.jpg,
test_Muroran_00175.jpg,5 58 390 496 595 
test_Muroran_00176.jpg,8 365 426 494 587 5 238 416 531 595 
test_Muroran_00177.jpg,5 78 339 538 586 8 338 368 500 561 
test_Muroran_00178.jpg,8 1 366 216 519 1 117 424 275 599 
test_Muroran_00179.jpg,2 368 441 482 592 6 225 366 317 458 
test_Muroran_00180.jpg,2 148 356 268 581 8 397 443 561 599 
test_Muroran_00181.jpg,2 362 409 468 528 
test_Muroran_00182.jpg,1 181 422 266 593 
test_Muroran_00183.jpg,5 35 312 520 594 
test_Muroran_00184.jpg,3 226 353 593 424 
test_Muroran_00185.jpg,5 85 340 558 593 
test_Muroran_00186.jpg,8 363 375 462 498 8 0 326 225 555 1 72 396 227 591 
test_Muroran_00187.jpg,5 33 372 431 595 
test_Muroran_00188.jpg,8 346 381 474 599 
test_Muroran_00189.jpg,8 452 537 524 596 8 310 361 353 410 
test_Muroran_00190.jpg,8 333 354 573 599 8 0 373 205 587 1 84 456 187 596 
test_Muroran_00191.jpg,
test_Muroran_00192.jpg,8 359 366 599 586 8 0 371 189 562 1 172 365 260 451 1 280 399 327 530 
test_Muroran_00193.jpg,1 436 490 539 596 
test_Muroran_00194.jpg,1 190 432 280 571 1 461 546 518 593 1 526 508 598 566 
test_Muroran_00195.jpg,1 285 353 401 587 5 0 401 193 589 1 214 406 281 588 
test_Muroran_00196.jpg,5 131 360 547 596 
test_Muroran_00197.jpg,2 428 349 599 515 8 58 432 218 591 1 322 344 376 502 
test_Muroran_00198.jpg,5 13 356 380 592 
test_Muroran_00199.jpg,8 397 386 563 589 8 333 299 375 346 
test_Muroran_00200.jpg,8 225 397 278 598 5 248 394 518 591 
test_Muroran_00201.jpg,8 489 513 578 598 1 54 345 223 590 8 0 336 193 560 2 349 335 522 554 
test_Muroran_00202.jpg,4 0 523 599 572 5 246 390 354 478 
test_Muroran_00203.jpg,5 242 357 394 480 6 431 402 488 448 
test_Muroran_00204.jpg,1 205 365 356 588 
test_Muroran_00205.jpg,5 232 394 583 596 
test_Muroran_00206.jpg,5 47 384 488 592 8 84 528 152 599 1 331 493 506 590 
test_Muroran_00207.jpg,5 26 366 439 591 8 292 427 341 493 
test_Muroran_00208.jpg,3 122 385 276 464 8 299 353 577 597 
test_Muroran_00209.jpg,5 117 357 596 592 
test_Muroran_00210.jpg,1 309 326 392 407 5 103 386 409 588 
test_Muroran_00211.jpg,5 485 459 599 596 2 179 412 431 592 
test_Muroran_00212.jpg,5 124 365 419 595 
test_Muroran_00213.jpg,5 25 373 470 596 2 367 386 503 586 
test_Muroran_00214.jpg,8 4 362 289 590 1 267 359 398 593 1 515 443 593 544 
test_Muroran_00215.jpg,5 220 386 515 599 
test_Muroran_00216.jpg,5 46 368 502 597 
test_Muroran_00217.jpg,1 137 410 274 581 
test_Muroran_00218.jpg,2 198 303 259 591 8 393 332 599 506 2 8 339 197 572 8 4 318 146 425 
test_Muroran_00219.jpg,2 275 373 356 593 2 368 365 598 555 
test_Muroran_00220.jpg,5 197 363 596 599 6 364 447 520 566 
test_Muroran_00221.jpg,5 117 335 599 594 
test_Muroran_00222.jpg,7 214 357 590 441 8 185 486 566 542 
test_Muroran_00223.jpg,5 312 306 582 544 
test_Muroran_00224.jpg,8 323 401 412 589 5 0 379 216 586 
test_Muroran_00225.jpg,8 1 385 262 583 1 212 430 318 578 3 293 420 576 484 8 502 372 581 466 
test_Muroran_00226.jpg,7 183 494 425 542 1 332 507 374 577 
test_Muroran_00227.jpg,2 332 275 580 597 
test_Muroran_00228.jpg,5 217 441 404 597 
test_Muroran_00229.jpg,5 296 363 521 592 1 307 395 402 588 
test_Muroran_00230.jpg,1 339 471 401 568 6 315 412 576 464 
test_Muroran_00231.jpg,5 179 327 543 567 1 52 403 185 594 
test_Muroran_00232.jpg,5 105 349 560 596 
test_Muroran_00233.jpg,2 166 344 227 597 8 277 348 341 401 
test_Muroran_00234.jpg,5 181 385 511 593 
test_Muroran_00235.jpg,2 305 375 440 588 
test_Muroran_00236.jpg,5 88 367 361 599 2 280 347 386 589 
test_Muroran_00237.jpg,1 182 378 312 593 8 0 344 202 531 8 368 413 505 594 1 447 371 591 491 
test_Muroran_00238.jpg,5 79 353 325 564 4 21 437 280 474 
test_Muroran_00239.jpg,5 17 416 538 596 
test_Muroran_00240.jpg,8 433 380 599 543 8 73 378 260 591 
test_Muroran_00241.jpg,7 19 426 591 599 2 183 283 255 432 
test_Muroran_00242.jpg,5 216 413 583 594 
test_Muroran_00243.jpg,8 2 287 220 585 2 396 388 520 521 
test_Muroran_00244.jpg,8 85 337 254 599 8 494 453 599 557 
test_Muroran_00245.jpg,2 251 367 314 588 3 99 510 301 557 
test_Muroran_00246.jpg,1 294 357 405 596 
test_Muroran_00247.jpg,8 81 376 204 595 4 141 480 580 514 
test_Muroran_00248.jpg,5 270 376 593 599 2 253 376 306 595 
test_Muroran_00249.jpg,5 5 362 194 508 
test_Muroran_00250.jpg,2 389 378 518 568 8 273 476 333 598 2 149 378 278 590 8 314 346 347 392 
test_Muroran_00251.jpg,8 0 325 236 570 8 369 350 429 419 
test_Muroran_00252.jpg,2 294 315 377 597 
test_Muroran_00253.jpg,5 162 386 588 592 
test_Muroran_00254.jpg,8 337 401 434 532 1 0 508 63 575 1 109 370 192 452 2 392 388 596 577 
test_Muroran_00255.jpg,5 0 334 599 584 
test_Muroran_00256.jpg,5 222 375 429 562 5 15 393 187 599 
test_Muroran_00257.jpg,5 94 345 362 583 
test_Muroran_00258.jpg,8 368 419 523 596 1 240 349 360 596 1 20 366 177 597 
test_Muroran_00259.jpg,8 377 347 420 397 2 267 306 319 433 4 264 462 593 508 4 265 415 599 463 
test_Muroran_00260.jpg,6 6 416 523 599 1 411 488 492 584 2 309 459 372 588 
test_Muroran_00261.jpg,1 81 456 230 598 
test_Muroran_00262.jpg,5 145 308 580 594 
test_Muroran_00263.jpg,5 125 278 274 374 1 286 395 471 596 
test_Muroran_00264.jpg,2 124 305 244 597 
test_Muroran_00265.jpg,5 215 350 421 593 8 436 361 537 454 
test_Muroran_00266.jpg,5 89 347 479 598 8 299 448 354 599 
test_Muroran_00267.jpg,5 90 320 551 579 
test_Muroran_00268.jpg,1 389 367 497 493 
test_Muroran_00269.jpg,5 67 371 558 595 
test_Muroran_00270.jpg,8 311 315 486 556 
test_Muroran_00271.jpg,5 324 342 594 562 2 291 341 418 592 
test_Muroran_00272.jpg,8 374 396 532 565 1 165 367 261 484 
test_Muroran_00273.jpg,2 26 332 192 599 
test_Muroran_00274.jpg,8 303 352 398 424 
test_Muroran_00275.jpg,8 30 305 189 599 1 425 421 585 599 
test_Muroran_00276.jpg,8 494 488 594 581 5 220 385 523 580 
test_Muroran_00277.jpg,8 443 492 559 598 5 206 397 379 581 
test_Muroran_00278.jpg,8 220 416 308 596 2 152 470 221 585 2 377 325 579 599 
test_Muroran_00279.jpg,2 54 383 192 583 2 272 350 345 591 8 6 377 129 477 8 288 366 411 595 4 308 427 593 487 
test_Muroran_00280.jpg,8 425 505 518 595 2 275 353 328 553 5 269 417 523 586 8 321 361 361 408 
test_Muroran_00281.jpg,5 251 336 599 595 8 219 317 278 587 8 426 360 530 434 
test_Muroran_00282.jpg,2 299 339 359 594 5 311 451 538 534 
test_Muroran_00283.jpg,5 245 387 533 595 
test_Muroran_00284.jpg,5 29 331 529 576 
test_Muroran_00285.jpg,2 341 349 532 589 5 119 338 332 599 
test_Muroran_00286.jpg,5 40 383 498 591 
test_Muroran_00287.jpg,1 212 430 322 599 
test_Muroran_00288.jpg,5 129 364 433 585 
test_Muroran_00289.jpg,5 261 360 599 598 8 431 445 525 591 
test_Muroran_00290.jpg,8 25 359 224 599 2 465 437 599 562 8 378 354 454 426 
test_Muroran_00291.jpg,1 235 334 293 594 8 433 402 590 524 8 96 365 239 596 
test_Muroran_00292.jpg,5 178 358 575 596 
test_Muroran_00293.jpg,2 349 378 556 590 1 270 493 341 598 4 21 466 350 516 
test_Muroran_00294.jpg,5 147 432 353 594 
test_Muroran_00295.jpg,
test_Muroran_00296.jpg,2 177 392 276 548 
test_Muroran_00297.jpg,2 385 361 594 551 5 130 426 286 550 
test_Muroran_00298.jpg,2 384 394 577 591 
test_Muroran_00299.jpg,5 291 357 550 594 
test_Muroran_00300.jpg,3 294 526 522 583 
test_Muroran_00301.jpg,1 438 391 531 506 1 229 359 282 469 3 36 397 241 452 
test_Muroran_00302.jpg,8 113 502 242 594 1 343 526 410 595 8 368 504 449 568 
test_Muroran_00303.jpg,5 91 332 248 534 
test_Muroran_00304.jpg,5 250 358 568 592 1 59 457 198 590 
test_Muroran_00305.jpg,8 453 460 572 595 1 50 380 257 576 
test_Muroran_00306.jpg,2 292 347 338 592 
test_Muroran_00307.jpg,5 151 393 553 598 5 0 467 71 576 
test_Muroran_00308.jpg,
test_Muroran_00309.jpg,5 275 347 593 597 2 287 294 322 383 
test_Muroran_00310.jpg,8 402 358 489 437 1 465 421 583 523 8 70 340 232 505 
test_Muroran_00311.jpg,
test_Muroran_00312.jpg,2 315 382 599 586 8 205 342 370 433 
test_Muroran_00313.jpg,2 354 337 398 593 2 440 332 595 468 
test_Muroran_00314.jpg,5 2 385 599 595 8 339 398 423 506 
test_Muroran_00315.jpg,5 90 355 588 592 
test_Muroran_00316.jpg,5 83 353 297 599 
test_Muroran_00317.jpg,1 110 342 251 599 
test_Muroran_00318.jpg,2 300 385 357 592 5 9 425 211 596 
test_Muroran_00319.jpg,2 255 298 399 566 2 5 368 247 547 
test_Muroran_00320.jpg,5 260 369 565 594 
test_Muroran_00321.jpg,5 114 362 581 593 8 400 504 477 597 
test_Muroran_00322.jpg,2 182 349 317 577 3 209 548 536 599 
test_Muroran_00323.jpg,5 33 377 567 591 8 514 503 599 586 8 360 350 411 398 8 0 378 177 553 
test_Muroran_00324.jpg,2 297 481 351 591 
test_Muroran_00325.jpg,8 325 337 385 407 2 30 350 193 576 4 235 367 573 403 
test_Muroran_00326.jpg,5 94 356 280 594 
test_Muroran_00327.jpg,2 275 331 332 598 8 460 496 555 597 8 360 336 405 380 
test_Muroran_00328.jpg,1 167 433 289 593 2 325 330 377 594 1 293 381 361 590 
test_Muroran_00329.jpg,8 434 448 598 594 
test_Muroran_00330.jpg,
test_Muroran_00331.jpg,7 144 357 599 512 
test_Muroran_00332.jpg,5 394 352 599 598 
test_Muroran_00333.jpg,3 8 529 599 587 
test_Muroran_00334.jpg,2 272 343 520 593 
test_Muroran_00335.jpg,5 377 417 599 595 
test_Muroran_00336.jpg,8 493 437 599 594 1 378 421 436 557 
test_Muroran_00337.jpg,1 342 451 482 582 
test_Muroran_00338.jpg,8 155 505 229 599 5 86 365 340 592 
test_Muroran_00339.jpg,5 185 354 567 597 
test_Muroran_00340.jpg,2 48 382 117 520 3 422 379 597 433 
test_Muroran_00341.jpg,8 370 470 435 594 8 3 346 214 512 
test_Muroran_00342.jpg,5 13 363 439 595 
test_Muroran_00343.jpg,6 14 417 544 587 1 370 349 430 401 
test_Muroran_00344.jpg,5 80 358 562 597 
test_Muroran_00345.jpg,5 25 323 362 593 
test_Muroran_00346.jpg,8 403 428 544 599 8 0 303 210 551 
test_Muroran_00347.jpg,5 279 383 599 592 
test_Muroran_00348.jpg,5 286 350 599 569 
test_Muroran_00349.jpg,2 138 311 211 590 8 310 380 413 484 
test_Muroran_00350.jpg,5 22 310 314 590 5 358 345 597 583 
test_Muroran_00351.jpg,2 288 398 359 587 2 87 380 208 572 
test_Muroran_00352.jpg,5 0 369 599 587 1 408 338 487 406 
test_Muroran_00353.jpg,5 256 398 337 501 
test_Muroran_00354.jpg,2 294 375 490 596 
test_Muroran_00355.jpg,2 190 373 302 597 5 333 328 559 592 1 81 385 264 587 
test_Muroran_00356.jpg,1 478 348 595 497 8 374 329 438 599 
test_Muroran_00357.jpg,5 106 413 466 594 
test_Muroran_00358.jpg,1 457 420 553 511 2 359 324 489 433 3 216 495 495 554 
test_Muroran_00359.jpg,5 241 355 585 583 8 490 407 599 503 
test_Muroran_00360.jpg,5 112 373 560 583 
test_Muroran_00361.jpg,5 15 356 527 599 8 256 368 598 570 
test_Muroran_00362.jpg,5 195 367 447 593 8 470 446 599 582 
test_Muroran_00363.jpg,1 170 487 243 596 8 401 373 483 465 8 0 389 197 523 2 383 372 584 557 
test_Muroran_00364.jpg,8 145 385 276 593 8 422 371 599 511 
test_Muroran_00365.jpg,8 1 356 239 577 8 403 420 535 597 1 459 409 594 555 
test_Muroran_00366.jpg,5 249 359 399 595 
test_Muroran_00367.jpg,5 368 302 599 596 
test_Muroran_00368.jpg,8 512 434 599 527 5 20 405 399 583 
test_Muroran_00369.jpg,7 9 429 593 599 
test_Muroran_00370.jpg,8 422 486 507 597 5 0 379 435 595 8 361 329 390 374 1 3 393 194 589 4 392 450 597 480 
test_Muroran_00371.jpg,2 304 403 430 584 2 129 411 201 589 
test_Muroran_00372.jpg,1 404 388 580 596 
test_Muroran_00373.jpg,8 70 341 280 558 
test_Muroran_00374.jpg,2 361 392 496 564 
test_Muroran_00375.jpg,2 268 347 361 579 1 200 370 268 594 
test_Muroran_00376.jpg,5 116 351 387 517 
test_Muroran_00377.jpg,5 176 361 588 595 
test_Muroran_00378.jpg,5 252 354 599 581 
test_Muroran_00379.jpg,5 157 408 316 587 
test_Muroran_00380.jpg,8 390 415 573 597 1 118 463 243 599 
test_Muroran_00381.jpg,8 266 331 365 389 2 119 326 192 588 1 99 447 177 590 
test_Muroran_00382.jpg,2 393 456 472 592 3 334 332 490 370 1 201 351 264 465 
test_Muroran_00383.jpg,5 48 407 265 593 
test_Muroran_00384.jpg,2 359 317 563 599 5 440 488 557 592 
test_Muroran_00385.jpg,5 120 397 573 596 
test_Muroran_00386.jpg,2 175 339 283 598 8 417 426 549 594 1 342 388 429 584 
test_Muroran_00387.jpg,2 36 379 169 597 1 258 477 314 595 
test_Muroran_00388.jpg,5 0 383 560 587 1 490 395 565 468 
test_Muroran_00389.jpg,2 373 305 599 560 
test_Muroran_00390.jpg,2 367 366 482 592 8 383 338 423 387 
test_Muroran_00391.jpg,2 335 374 429 589 
test_Muroran_00392.jpg,5 29 392 587 591 
test_Muroran_00393.jpg,5 29 417 438 599 
test_Muroran_00394.jpg,5 87 380 573 594 
test_Muroran_00395.jpg,8 394 373 489 448 2 278 325 346 447 2 113 493 178 593 2 354 489 416 594 8 120 327 224 455 
test_Muroran_00396.jpg,5 131 348 525 596 
test_Muroran_00397.jpg,7 213 291 539 347 1 216 456 383 594 
test_Muroran_00398.jpg,
test_Muroran_00399.jpg,5 98 332 316 599 
test_Muroran_00400.jpg,6 23 438 252 582 2 335 428 431 592 
test_Muroran_00401.jpg,8 314 429 410 593 3 68 455 442 517 
test_Muroran_00402.jpg,5 52 413 393 586 8 431 336 599 468 
test_Muroran_00403.jpg,5 250 378 489 596 5 2 494 124 593 
test_Muroran_00404.jpg,2 264 322 313 592 
test_Muroran_00405.jpg,2 270 329 421 593 
test_Muroran_00406.jpg,7 15 376 584 523 
test_Muroran_00407.jpg,5 267 375 558 599 2 96 348 267 513 
test_Muroran_00408.jpg,8 464 392 599 528 5 189 362 534 592 
test_Muroran_00409.jpg,5 47 382 565 594 
test_Muroran_00410.jpg,5 387 419 533 591 2 78 352 228 591 
test_Muroran_00411.jpg,5 0 366 332 593 
test_Muroran_00412.jpg,5 99 383 564 593 8 151 354 182 410 
test_Muroran_00413.jpg,7 90 297 257 397 2 405 363 528 591 
test_Muroran_00414.jpg,5 63 358 481 597 
test_Muroran_00415.jpg,5 329 408 584 599 8 214 352 485 394 
test_Muroran_00416.jpg,2 271 331 309 498 5 97 416 473 494 
test_Muroran_00417.jpg,2 388 338 590 587 8 196 391 333 537 8 343 330 395 448 
test_Muroran_00418.jpg,5 32 384 471 585 
test_Muroran_00419.jpg,5 19 336 569 599 
test_Muroran_00420.jpg,8 378 396 588 597 2 227 337 264 449 1 320 360 396 457 8 6 388 189 599 
test_Muroran_00421.jpg,1 207 362 287 597 3 282 465 485 506 
test_Muroran_00422.jpg,
test_Muroran_00423.jpg,5 186 357 488 590 
test_Muroran_00424.jpg,5 120 394 591 594 
test_Muroran_00425.jpg,8 286 338 339 595 
test_Muroran_00426.jpg,5 160 426 587 596 
test_Muroran_00427.jpg,2 237 486 293 584 
test_Muroran_00428.jpg,5 186 333 533 591 
test_Muroran_00429.jpg,5 58 376 392 595 
test_Nagakute_00001.jpg,2 33 349 246 591 7 257 320 566 363 8 399 349 599 528 
test_Nagakute_00002.jpg,2 252 369 407 593 5 2 321 109 408 
test_Nagakute_00003.jpg,1 218 388 271 577 
test_Nagakute_00004.jpg,1 430 449 577 591 1 134 397 249 599 
test_Nagakute_00005.jpg,5 81 418 461 596 
test_Nagakute_00006.jpg,5 22 401 297 599 
test_Nagakute_00007.jpg,2 65 319 258 595 5 244 322 580 582 
test_Nagakute_00008.jpg,5 74 425 470 590 2 296 416 361 545 
test_Nagakute_00009.jpg,2 196 445 242 596 8 376 387 599 590 8 0 368 90 572 
test_Nagakute_00010.jpg,2 263 357 322 592 
test_Nagakute_00011.jpg,7 126 321 571 545 
test_Nagakute_00012.jpg,2 123 384 288 593 1 509 390 592 457 
test_Nagakute_00013.jpg,8 161 356 269 527 2 69 354 189 588 
test_Nagakute_00014.jpg,5 298 409 523 592 8 40 403 269 586 
test_Nagakute_00015.jpg,7 7 408 577 597 
test_Nagakute_00016.jpg,5 75 376 582 597 
test_Nagakute_00017.jpg,1 418 419 490 579 3 15 514 290 585 
test_Nagakute_00018.jpg,1 0 374 149 487 
test_Nagakute_00019.jpg,2 389 300 597 470 
test_Nagakute_00020.jpg,8 3 246 190 387 5 49 329 442 587 
test_Nagakute_00021.jpg,2 96 247 225 598 
test_Nagakute_00022.jpg,1 96 349 219 478 3 222 401 530 463 
test_Nagakute_00023.jpg,8 50 322 262 595 1 181 347 279 585 
test_Nagakute_00024.jpg,5 23 420 480 594 
test_Nagakute_00025.jpg,8 281 348 589 597 1 66 389 170 544 8 6 334 167 500 
test_Nagakute_00026.jpg,8 0 350 132 438 
test_Nagakute_00027.jpg,8 3 343 158 510 1 427 433 599 536 2 293 320 599 547 
test_Nagakute_00028.jpg,2 121 441 193 593 5 254 420 463 534 
test_Nagakute_00029.jpg,7 18 419 599 599 2 363 288 420 427 
test_Nagakute_00030.jpg,2 263 356 350 587 1 356 445 566 593 
test_Nagakute_00031.jpg,7 42 426 599 596 
test_Nagakute_00032.jpg,2 131 365 213 597 
test_Nagakute_00033.jpg,2 240 356 468 590 1 80 486 149 593 1 162 418 195 491 
test_Nagakute_00034.jpg,2 238 339 289 590 8 40 338 231 599 
test_Nagakute_00035.jpg,1 101 336 205 551 8 350 366 596 574 
test_Nagakute_00036.jpg,7 59 434 599 520 
test_Nagakute_00037.jpg,7 80 388 599 559 
test_Nagakute_00038.jpg,8 27 410 181 596 5 149 458 251 544 8 400 347 599 552 3 127 462 443 511 
test_Nagakute_00039.jpg,8 273 320 552 593 1 69 386 218 599 8 0 314 193 525 
test_Nagakute_00040.jpg,1 245 446 338 598 1 441 401 598 514 
test_Nagakute_00041.jpg,1 253 492 380 596 
test_Nagakute_00042.jpg,8 336 329 599 536 1 195 401 266 537 1 311 435 385 599 
test_Nagakute_00043.jpg,8 0 308 201 498 1 299 388 432 569 1 126 418 213 591 
test_Nagakute_00044.jpg,8 269 366 402 471 1 343 457 429 565 
test_Nagakute_00045.jpg,5 215 348 587 593 
test_Nagakute_00046.jpg,2 235 322 313 592 8 301 331 599 573 
test_Nagakute_00047.jpg,5 91 393 483 595 
test_Nagakute_00048.jpg,8 262 389 401 599 
test_Nagakute_00049.jpg,2 284 319 460 590 5 12 408 425 598 3 494 464 599 504 3 125 395 353 440 
test_Nagakute_00050.jpg,8 263 404 376 597 
test_Nagakute_00051.jpg,8 310 341 587 592 1 99 368 257 592 8 0 300 198 509 
test_Nagakute_00052.jpg,1 370 462 522 593 2 40 357 171 581 3 67 534 499 591 
test_Nagakute_00053.jpg,2 191 340 232 577 
test_Nagakute_00054.jpg,
test_Nagakute_00055.jpg,5 49 369 478 594 
test_Nagakute_00056.jpg,2 0 256 238 560 
test_Nagakute_00057.jpg,2 352 336 457 586 
test_Nagakute_00058.jpg,1 272 420 364 579 8 3 326 164 453 
test_Nagakute_00059.jpg,8 281 348 582 588 8 0 340 167 513 
test_Nagakute_00060.jpg,8 12 474 484 559 
test_Nagakute_00061.jpg,7 0 435 525 594 
test_Nagakute_00062.jpg,2 197 370 255 596 5 256 414 427 591 
test_Nagakute_00063.jpg,2 230 329 294 590 3 293 474 599 531 2 0 346 147 472 
test_Nagakute_00064.jpg,8 272 370 552 585 1 300 493 400 599 1 527 453 593 502 
test_Nagakute_00065.jpg,2 168 383 230 590 
test_Nagakute_00066.jpg,2 270 335 326 589 
test_Nagakute_00067.jpg,1 203 404 348 599 
test_Nagakute_00068.jpg,7 62 369 599 534 
test_Nagakute_00069.jpg,8 258 317 548 594 
test_Nagakute_00070.jpg,2 206 368 252 586 8 51 369 199 599 
test_Nagakute_00071.jpg,1 407 411 588 568 
test_Nagakute_00072.jpg,
test_Nagakute_00073.jpg,2 342 305 599 553 8 105 345 277 599 
test_Nagakute_00074.jpg,8 457 366 599 475 5 129 347 284 588 
test_Nagakute_00075.jpg,2 367 318 599 552 8 272 333 325 595 5 138 354 278 591 
test_Nagakute_00076.jpg,2 250 321 418 587 
test_Nagakute_00077.jpg,2 339 341 448 591 8 69 372 253 598 1 235 412 291 508 
test_Nagakute_00078.jpg,8 0 263 205 504 8 325 276 599 525 1 283 328 387 443 
test_Nagakute_00079.jpg,1 43 372 185 595 1 261 382 364 503 
test_Nagakute_00080.jpg,2 221 369 275 593 5 198 391 335 589 
test_Nagakute_00081.jpg,1 90 399 193 529 
test_Nagakute_00082.jpg,2 130 335 294 593 1 391 357 582 520 
test_Nagakute_00083.jpg,5 11 337 274 597 
test_Nagakute_00084.jpg,1 91 341 236 597 
test_Nagakute_00085.jpg,8 325 397 599 588 2 292 478 329 593 5 126 469 351 590 
test_Nagakute_00086.jpg,8 16 366 309 587 
test_Nagakute_00087.jpg,8 0 387 187 560 1 133 447 222 598 
test_Nagakute_00088.jpg,8 310 334 528 599 8 10 321 276 554 
test_Nagakute_00089.jpg,8 467 485 596 597 2 229 336 308 592 8 220 353 290 491 
test_Nagakute_00090.jpg,7 131 385 599 588 2 394 315 584 393 
test_Nagakute_00091.jpg,5 344 256 483 359 
test_Nagakute_00092.jpg,5 57 374 565 590 
test_Nagakute_00093.jpg,8 43 359 202 599 8 348 392 590 599 
test_Nagakute_00094.jpg,7 0 463 599 599 
test_Nagakute_00095.jpg,8 449 411 599 560 5 32 392 253 591 2 348 327 461 432 
test_Nagakute_00096.jpg,1 331 375 466 555 8 1 376 66 456 3 21 492 359 581 2 8 274 151 382 
test_Nagakute_00097.jpg,1 227 426 299 501 8 0 347 175 456 
test_Nagakute_00098.jpg,8 314 318 597 586 
test_Nagakute_00099.jpg,5 164 363 585 597 
test_Nagakute_00100.jpg,1 158 350 206 405 
test_Nagakute_00101.jpg,8 216 222 261 599 5 254 316 585 589 
test_Nagakute_00102.jpg,2 376 261 423 594 8 25 366 262 599 
test_Nagakute_00103.jpg,8 255 374 380 590 5 122 440 364 595 
test_Nagakute_00104.jpg,8 307 320 599 580 
test_Nagakute_00105.jpg,2 328 440 451 593 
test_Nagakute_00106.jpg,7 81 369 373 426 1 331 520 411 597 
test_Nagakute_00107.jpg,8 250 304 599 580 2 138 385 220 597 
test_Nagakute_00108.jpg,1 186 419 289 593 4 4 386 137 413 
test_Nagakute_00109.jpg,2 249 306 446 593 3 82 442 337 486 
test_Nagakute_00110.jpg,2 278 235 329 599 8 7 248 241 568 2 342 244 599 504 
test_Nagakute_00111.jpg,5 148 390 522 593 
test_Nagakute_00112.jpg,1 42 374 181 578 
test_Nagakute_00113.jpg,2 77 276 241 590 
test_Nagakute_00114.jpg,8 310 344 573 593 2 33 350 165 589 
test_Nagakute_00115.jpg,7 0 396 264 478 4 27 481 460 520 8 157 468 210 599 
test_Nagakute_00116.jpg,1 302 381 494 594 1 174 436 236 551 
test_Nagakute_00117.jpg,2 243 374 462 591 3 148 482 380 534 
test_Nagakute_00118.jpg,8 301 329 569 593 
test_Nagakute_00119.jpg,5 285 391 459 569 
test_Nagakute_00120.jpg,5 9 374 216 594 
test_Nagakute_00121.jpg,8 1 385 140 560 1 211 418 286 594 8 310 407 507 589 1 81 439 174 591 
test_Nagakute_00122.jpg,2 238 308 349 515 3 110 374 295 430 
test_Nagakute_00123.jpg,5 14 365 500 595 
test_Nagakute_00124.jpg,8 1 429 117 553 1 391 429 575 593 8 315 315 599 557 5 25 386 512 592 
test_Nagakute_00125.jpg,3 41 396 599 527 
test_Nagakute_00126.jpg,2 266 355 599 592 
test_Nagakute_00127.jpg,1 285 521 373 594 
test_Nagakute_00128.jpg,5 35 308 587 569 
test_Nagakute_00129.jpg,2 226 329 450 596 
test_Nagakute_00130.jpg,1 178 418 257 597 
test_Nagakute_00131.jpg,1 279 355 395 576 
test_Nagakute_00132.jpg,2 224 330 266 591 8 5 355 191 596 8 352 350 599 579 
test_Nagakute_00133.jpg,5 23 486 580 597 
test_Nagakute_00134.jpg,2 237 312 398 592 3 80 388 303 433 3 0 434 337 576 
test_Nagakute_00135.jpg,8 35 381 217 599 8 348 361 599 561 
test_Nagakute_00136.jpg,
test_Nagakute_00137.jpg,1 142 418 271 599 
test_Nagakute_00138.jpg,8 349 327 585 595 
test_Nagakute_00139.jpg,1 48 383 157 593 5 259 365 495 590 
test_Nagakute_00140.jpg,2 236 394 398 589 3 384 523 582 566 
test_Nagakute_00141.jpg,3 120 370 350 430 
test_Nagakute_00142.jpg,2 194 291 315 586 8 15 256 324 559 5 327 319 536 523 
test_Nagakute_00143.jpg,5 311 301 549 583 8 366 302 599 568 
test_Nagakute_00144.jpg,1 7 386 233 574 
test_Nagakute_00145.jpg,8 61 363 196 596 3 80 543 326 594 
test_Nagakute_00146.jpg,8 132 437 561 593 5 239 426 593 593 
test_Nagakute_00147.jpg,1 87 373 189 593 5 87 371 543 591 
test_Nagakute_00148.jpg,7 315 362 579 434 8 429 429 587 599 
test_Nagakute_00149.jpg,2 361 402 535 514 
test_Nagakute_00150.jpg,2 212 344 248 484 4 44 457 495 554 
test_Nagakute_00151.jpg,8 259 335 599 598 
test_Nagakute_00152.jpg,8 0 404 115 525 1 130 485 229 599 
test_Nagakute_00153.jpg,7 20 446 599 599 
test_Nagakute_00154.jpg,4 129 503 599 561 8 142 502 207 596 
test_Nagakute_00155.jpg,5 319 419 563 591 8 434 497 559 590 
test_Nagakute_00156.jpg,5 44 406 266 598 8 317 299 593 540 8 0 311 231 567 
test_Nagakute_00157.jpg,7 197 425 599 581 
test_Nagakute_00158.jpg,8 0 372 91 483 8 282 294 590 568 
test_Nagakute_00159.jpg,2 190 308 239 506 2 54 480 128 599 
test_Nagakute_00160.jpg,8 61 327 227 599 3 333 502 595 553 1 296 347 336 394 
test_Nagakute_00161.jpg,2 288 320 580 587 
test_Nagakute_00162.jpg,8 0 349 168 533 8 345 364 599 597 
test_Nagakute_00163.jpg,1 51 251 156 403 3 188 296 486 373 
test_Nagakute_00164.jpg,2 229 239 338 596 
test_Nagakute_00165.jpg,4 21 335 586 458 4 79 504 599 555 1 386 443 480 533 
test_Nagakute_00166.jpg,2 201 344 260 593 4 249 510 530 552 
test_Nagakute_00167.jpg,8 2 249 249 494 2 271 270 337 591 8 371 281 599 559 
test_Nagakute_00168.jpg,8 6 317 178 469 1 66 516 146 598 4 0 458 562 538 8 359 369 500 515 
test_Nagakute_00169.jpg,2 240 315 366 570 3 14 445 360 509 
test_Nagakute_00170.jpg,8 0 347 544 587 
test_Nagakute_00171.jpg,
test_Nagakute_00172.jpg,2 256 328 312 581 
test_Nagakute_00173.jpg,7 31 341 594 493 5 46 431 599 597 
test_Nagakute_00174.jpg,7 114 493 592 599 
test_Nagakute_00175.jpg,5 224 368 465 570 8 0 394 222 578 
test_Nagakute_00176.jpg,8 10 343 361 579 1 400 336 491 417 
test_Nagakute_00177.jpg,5 82 355 497 590 
test_Nagakute_00178.jpg,2 238 371 285 590 8 18 373 175 597 8 372 370 599 568 1 163 397 249 594 
test_Nagakute_00179.jpg,7 325 397 599 585 1 51 433 203 514 
test_Nagakute_00180.jpg,2 75 350 201 599 
test_Nagakute_00181.jpg,5 109 364 469 591 
test_Nagakute_00182.jpg,8 283 302 591 599 1 242 327 342 436 
test_Nagakute_00183.jpg,8 186 357 303 434 1 187 427 289 595 8 0 344 138 488 
test_Nagakute_00184.jpg,8 65 346 182 582 2 306 386 521 594 
test_Nagakute_00185.jpg,5 256 350 393 577 
test_Nagakute_00186.jpg,1 225 453 284 593 2 327 418 513 585 
test_Nagakute_00187.jpg,2 159 306 256 590 5 290 442 479 590 2 8 341 56 430 
test_Nagakute_00188.jpg,8 268 364 478 595 
test_Nagakute_00189.jpg,8 375 400 593 589 1 274 432 336 537 
test_Nagakute_00190.jpg,1 70 349 219 595 2 323 314 576 590 
test_Nagakute_00191.jpg,7 142 374 450 429 1 219 415 288 501 
test_Nagakute_00192.jpg,8 334 335 598 588 
test_Nagakute_00193.jpg,2 314 310 536 587 8 10 321 249 588 5 123 360 274 578 
test_Nagakute_00194.jpg,2 190 324 295 596 
test_Nagakute_00195.jpg,8 79 370 496 585 
test_Nagakute_00196.jpg,8 3 321 172 443 1 221 346 317 514 
test_Nagakute_00197.jpg,4 4 487 191 521 2 150 385 198 589 5 168 375 441 586 
test_Nagakute_00198.jpg,1 247 411 305 595 
test_Nagakute_00199.jpg,2 348 329 596 584 
test_Nagakute_00200.jpg,2 303 397 557 593 4 120 412 322 442 
test_Nagakute_00201.jpg,8 28 434 155 597 5 207 413 385 591 8 263 373 561 599 3 476 504 599 551 
test_Nagakute_00202.jpg,8 290 361 599 586 8 0 352 180 486 
test_Nagakute_00203.jpg,8 294 332 593 592 5 7 408 165 595 
test_Nagakute_00204.jpg,7 19 477 599 595 
test_Nagakute_00205.jpg,2 305 382 424 591 
test_Nagakute_00206.jpg,1 282 385 379 519 
test_Nagakute_00207.jpg,2 255 230 576 588 
test_Nagakute_00208.jpg,8 308 489 394 599 1 42 449 120 586 1 245 331 298 389 1 415 525 479 596 
test_Nagakute_00209.jpg,8 160 498 238 587 5 159 491 343 593 1 280 491 399 585 
test_Nagakute_00210.jpg,2 328 387 404 452 2 142 284 182 374 8 107 421 280 500 
test_Nagakute_00211.jpg,2 324 440 574 581 
test_Nagakute_00212.jpg,2 199 316 246 593 
test_Nagakute_00213.jpg,8 1 374 164 533 2 309 361 588 579 
test_Nagakute_00214.jpg,3 83 432 257 480 2 23 290 168 592 8 377 506 563 599 
test_Nagakute_00215.jpg,1 44 393 153 594 1 329 442 441 540 8 0 320 125 481 
test_Nagakute_00216.jpg,5 261 480 502 588 
test_Nagakute_00217.jpg,1 149 380 291 599 
test_Nagakute_00218.jpg,2 184 314 317 598 
test_Nagakute_00219.jpg,8 249 322 599 593 1 101 486 172 592 
test_Nagakute_00220.jpg,2 240 305 451 595 3 173 470 370 513 
test_Nagakute_00221.jpg,3 56 479 517 539 1 410 440 599 594 
test_Nagakute_00222.jpg,3 61 447 597 504 8 19 289 63 479 
test_Nagakute_00223.jpg,8 114 377 562 593 
test_Nagakute_00224.jpg,2 260 444 320 593 2 78 348 160 436 
test_Nagakute_00225.jpg,7 168 340 597 437 8 6 423 135 559 
test_Nagakute_00226.jpg,8 275 334 526 594 1 102 346 172 457 8 0 324 117 442 3 412 464 599 509 
test_Nagakute_00227.jpg,5 164 324 322 528 
test_Nagakute_00228.jpg,5 15 350 342 589 
test_Nagakute_00229.jpg,2 257 332 325 587 1 112 436 206 568 5 352 395 550 588 
test_Nagakute_00230.jpg,2 277 312 398 583 5 106 416 285 573 
test_Nagakute_00231.jpg,2 300 316 342 465 8 118 310 261 466 1 192 361 271 471 8 361 433 532 599 
test_Nagakute_00232.jpg,2 250 356 462 590 5 93 380 490 597 
test_Nagakute_00233.jpg,1 337 378 496 589 2 166 335 280 596 
test_Nagakute_00234.jpg,2 251 335 295 592 
test_Nagakute_00235.jpg,8 1 321 203 485 3 75 484 418 564 
test_Nagakute_00236.jpg,8 260 333 503 596 1 277 424 358 589 
test_Nagakute_00237.jpg,1 68 380 179 590 1 218 421 277 518 
test_Nagakute_00238.jpg,3 46 481 595 570 1 415 364 584 522 
test_Nagakute_00239.jpg,1 232 419 325 593 8 313 410 482 595 
test_Nagakute_00240.jpg,8 319 301 599 547 1 188 326 299 411 
test_Nagakute_00241.jpg,8 16 332 263 597 2 310 338 383 592 8 431 367 599 501 
test_Nagakute_00242.jpg,2 2 383 178 590 2 297 361 424 584 
test_Nagakute_00243.jpg,1 147 512 226 587 2 345 458 483 594 
test_Nagakute_00244.jpg,8 2 320 198 499 1 296 388 404 538 
test_Nagakute_00245.jpg,2 167 321 234 590 8 211 323 599 592 8 0 301 125 437 
test_Nagakute_00246.jpg,2 244 344 330 592 
test_Nagakute_00247.jpg,8 0 316 255 560 8 340 324 599 593 2 261 334 332 594 1 323 402 419 588 
test_Nagakute_00248.jpg,8 245 314 583 595 
test_Nagakute_00249.jpg,2 173 321 252 598 
test_Nagakute_00250.jpg,7 12 386 507 594 1 280 343 325 599 
test_Nagakute_00251.jpg,8 352 312 599 551 
test_Nagakute_00252.jpg,8 274 314 530 593 
test_Nagakute_00253.jpg,8 332 481 487 599 
test_Nagakute_00254.jpg,8 0 320 203 502 1 259 448 347 591 
test_Nagakute_00255.jpg,5 41 369 543 572 8 328 361 591 540 
test_Nagakute_00256.jpg,1 285 507 351 573 
test_Nagakute_00257.jpg,8 133 272 288 593 5 337 331 573 593 
test_Nagakute_00258.jpg,7 130 366 508 453 3 22 543 398 598 
test_Nagakute_00259.jpg,8 2 320 213 574 1 304 374 485 593 1 188 310 253 391 
test_Nagakute_00260.jpg,2 234 303 486 597 3 314 408 578 475 5 33 381 375 596 
test_Nagakute_00261.jpg,8 2 321 197 484 1 32 442 146 558 
test_Nagakute_00262.jpg,1 279 398 380 583 8 0 310 210 492 
test_Nagakute_00263.jpg,1 336 358 452 552 
test_Nagakute_00264.jpg,5 80 280 320 589 
test_Nagakute_00265.jpg,2 149 320 262 508 2 301 342 591 595 
test_Nagakute_00266.jpg,1 236 338 297 479 1 31 344 171 469 
test_Nagakute_00267.jpg,5 414 361 599 553 2 68 333 241 595 8 8 330 237 585 3 339 545 583 598 
test_Nagakute_00268.jpg,8 70 244 229 585 5 154 306 493 591 
test_Nagakute_00269.jpg,5 74 356 331 582 
test_Nagakute_00270.jpg,8 0 288 216 452 1 237 360 327 536 1 41 361 200 541 
test_Nagakute_00271.jpg,8 86 249 222 597 2 316 456 387 594 1 450 455 559 595 
test_Nagakute_00272.jpg,1 470 431 581 527 
test_Nagakute_00273.jpg,2 246 241 324 589 1 81 468 158 594 8 26 261 209 560 5 335 307 560 586 
test_Nagakute_00274.jpg,8 304 365 525 589 5 21 473 487 595 
test_Numazu_00001.jpg,5 41 460 210 586 8 296 405 352 468 2 244 452 292 591 6 328 438 590 594 
test_Numazu_00002.jpg,6 24 400 216 599 
test_Numazu_00003.jpg,7 5 379 599 598 7 197 263 414 290 
test_Numazu_00004.jpg,3 66 544 599 594 1 196 433 253 555 
test_Numazu_00005.jpg,5 151 475 356 595 
test_Numazu_00006.jpg,6 69 423 463 594 
test_Numazu_00007.jpg,2 347 371 592 567 4 145 426 427 451 
test_Numazu_00008.jpg,1 183 467 259 594 
test_Numazu_00009.jpg,5 67 353 566 588 
test_Numazu_00010.jpg,8 34 327 197 584 2 299 304 475 583 
test_Numazu_00011.jpg,5 0 340 599 598 
test_Numazu_00012.jpg,8 0 375 78 461 1 46 281 196 446 
test_Numazu_00013.jpg,5 133 293 230 404 
test_Numazu_00014.jpg,6 53 408 502 599 5 81 428 393 592 
test_Numazu_00015.jpg,5 46 303 292 587 
test_Numazu_00016.jpg,2 309 332 448 527 
test_Numazu_00017.jpg,2 291 397 348 498 
test_Numazu_00018.jpg,7 13 381 599 590 
test_Numazu_00019.jpg,8 282 387 491 591 8 0 446 115 555 
test_Numazu_00020.jpg,2 161 399 225 599 
test_Numazu_00021.jpg,8 269 331 350 450 2 35 297 189 538 1 202 367 300 549 4 37 526 541 569 
test_Numazu_00022.jpg,5 436 346 595 582 
test_Numazu_00023.jpg,8 95 321 211 447 2 275 328 327 445 
test_Numazu_00024.jpg,8 338 300 599 556 8 0 297 189 501 2 182 379 242 589 3 233 429 479 472 
test_Numazu_00025.jpg,2 325 313 472 569 2 227 404 283 585 
test_Numazu_00026.jpg,6 234 316 376 433 6 0 439 213 556 
test_Numazu_00027.jpg,2 200 278 249 584 2 250 266 300 402 4 196 383 507 432 
test_Numazu_00028.jpg,2 226 331 271 589 2 457 493 549 587 1 261 340 425 492 
test_Numazu_00029.jpg,5 34 392 552 595 
test_Numazu_00030.jpg,8 189 292 334 575 3 232 499 567 557 
test_Numazu_00031.jpg,2 196 281 248 588 8 2 267 200 576 
test_Numazu_00032.jpg,8 327 305 593 543 8 2 290 159 424 1 144 371 215 494 
test_Numazu_00033.jpg,5 151 337 322 585 
test_Numazu_00034.jpg,3 8 458 310 508 5 228 350 442 583 
test_Numazu_00035.jpg,8 54 317 202 597 2 249 320 328 592 
test_Numazu_00036.jpg,8 344 384 554 593 2 28 326 162 592 
test_Numazu_00037.jpg,2 32 380 103 586 
test_Numazu_00038.jpg,5 236 430 579 596 
test_Numazu_00039.jpg,2 380 497 469 592 2 256 342 355 460 8 334 429 394 494 4 329 425 488 458 4 213 494 599 523 
test_Numazu_00040.jpg,8 14 286 202 599 8 337 293 599 467 1 296 335 411 451 1 218 302 272 381 
test_Numazu_00041.jpg,2 0 295 186 516 2 303 376 384 580 4 315 364 435 390 8 181 268 248 312 
test_Numazu_00042.jpg,
test_Numazu_00043.jpg,2 294 447 372 587 8 377 443 586 598 
test_Numazu_00044.jpg,2 129 307 223 591 8 378 290 599 476 
test_Numazu_00045.jpg,2 93 355 222 589 
test_Numazu_00046.jpg,2 258 295 370 592 
test_Numazu_00047.jpg,2 315 315 531 579 1 164 321 206 377 
test_Numazu_00048.jpg,7 0 337 453 516 
test_Numazu_00049.jpg,2 42 288 209 582 1 270 348 337 432 8 365 312 599 470 1 422 442 563 585 
test_Numazu_00050.jpg,7 85 394 578 589 
test_Numazu_00051.jpg,7 188 330 540 401 5 34 377 579 567 
test_Numazu_00052.jpg,2 123 371 214 568 4 0 517 154 549 
test_Numazu_00053.jpg,8 386 344 599 557 
test_Numazu_00054.jpg,2 252 389 337 586 8 322 393 539 593 3 468 464 599 501 
test_Numazu_00055.jpg,2 265 370 431 591 
test_Numazu_00056.jpg,7 82 414 598 598 
test_Numazu_00057.jpg,8 17 359 212 592 8 441 468 599 592 5 27 406 535 595 
test_Numazu_00058.jpg,5 97 415 248 596 2 211 382 248 580 
test_Numazu_00059.jpg,7 32 360 580 584 
test_Numazu_00060.jpg,5 5 432 499 594 
test_Numazu_00061.jpg,1 492 482 585 587 1 339 477 414 575 
test_Numazu_00062.jpg,5 275 422 512 587 8 273 266 513 449 
test_Numazu_00063.jpg,5 14 347 409 570 
test_Numazu_00064.jpg,6 142 409 450 599 
test_Numazu_00065.jpg,2 278 281 383 455 
test_Numazu_00066.jpg,2 261 271 496 559 
test_Numazu_00067.jpg,8 0 306 182 542 5 319 352 566 582 
test_Numazu_00068.jpg,1 417 414 564 593 
test_Numazu_00069.jpg,2 170 397 250 517 3 198 483 343 531 
test_Numazu_00070.jpg,8 302 406 441 590 3 62 463 352 549 1 265 430 376 583 
test_Numazu_00071.jpg,8 33 366 172 595 8 371 300 436 355 
test_Numazu_00072.jpg,8 189 280 252 374 1 96 355 171 451 8 331 343 527 466 
test_Numazu_00073.jpg,7 13 417 599 595 
test_Numazu_00074.jpg,3 360 395 599 434 
test_Numazu_00075.jpg,5 20 392 263 594 
test_Numazu_00076.jpg,2 282 267 325 436 4 62 416 592 477 
test_Numazu_00077.jpg,1 274 405 354 579 
test_Numazu_00078.jpg,6 153 384 352 594 
test_Numazu_00079.jpg,8 304 414 554 594 1 217 401 269 588 
test_Numazu_00080.jpg,2 208 370 245 587 8 280 394 443 595 1 433 475 594 581 
test_Numazu_00081.jpg,8 26 277 224 599 1 264 336 452 584 8 351 300 599 463 
test_Numazu_00082.jpg,8 37 385 213 595 1 257 418 396 589 3 125 513 408 568 
test_Numazu_00083.jpg,5 39 360 351 582 8 218 341 522 590 
test_Numazu_00084.jpg,5 24 447 240 598 
test_Numazu_00085.jpg,5 237 354 446 594 
test_Numazu_00086.jpg,2 61 373 200 596 2 269 409 364 588 8 4 367 187 556 8 369 409 597 561 
test_Numazu_00087.jpg,2 335 354 522 593 5 69 348 278 595 
test_Numazu_00088.jpg,8 2 362 189 588 8 411 468 595 599 5 43 386 532 595 
test_Numazu_00089.jpg,5 104 357 488 578 
test_Numazu_00090.jpg,3 16 529 279 573 4 109 387 339 432 2 300 376 404 582 
test_Numazu_00091.jpg,8 24 295 214 599 8 362 318 599 477 1 193 394 262 590 
test_Numazu_00092.jpg,5 71 408 237 593 
test_Numazu_00093.jpg,2 172 308 214 387 2 97 495 149 592 4 8 475 581 515 
test_Numazu_00094.jpg,2 142 299 205 396 5 194 317 385 411 
test_Numazu_00095.jpg,
test_Numazu_00096.jpg,8 0 291 206 558 
test_Numazu_00097.jpg,5 126 396 288 596 
test_Numazu_00098.jpg,6 135 408 401 599 
test_Numazu_00099.jpg,5 165 493 294 594 
test_Numazu_00100.jpg,2 348 484 460 595 5 258 408 413 551 
test_Numazu_00101.jpg,5 217 335 417 576 2 303 316 448 563 
test_Numazu_00102.jpg,5 152 366 573 595 
test_Numazu_00103.jpg,2 211 389 258 574 3 305 400 574 475 
test_Numazu_00104.jpg,5 18 332 472 590 8 403 278 599 387 6 274 387 542 581 
test_Numazu_00105.jpg,2 342 342 565 584 
test_Numazu_00106.jpg,5 32 397 582 577 
test_Numazu_00107.jpg,8 113 282 273 567 8 440 390 599 551 5 79 302 505 592 
test_Numazu_00108.jpg,5 447 409 595 554 
test_Numazu_00109.jpg,1 179 331 374 565 
test_Numazu_00110.jpg,5 137 355 288 580 8 362 375 582 589 
test_Numazu_00111.jpg,8 6 407 188 573 8 277 310 381 588 3 392 473 599 537 
test_Numazu_00112.jpg,5 121 434 540 599 
test_Numazu_00113.jpg,8 12 303 181 481 2 213 279 256 585 5 317 330 563 562 
test_Numazu_00114.jpg,2 23 283 189 574 5 65 338 389 576 4 30 517 342 565 
test_Numazu_00115.jpg,1 198 282 263 441 
test_Numazu_00116.jpg,1 194 371 275 548 
test_Numazu_00117.jpg,2 233 293 284 590 1 312 356 379 431 3 312 387 590 439 
test_Numazu_00118.jpg,2 216 266 267 577 8 337 313 584 589 1 67 365 174 517 
test_Numazu_00119.jpg,2 272 360 513 597 
test_Numazu_00120.jpg,5 250 324 452 593 
test_Numazu_00121.jpg,2 281 304 337 399 8 21 414 155 573 1 353 487 418 586 
test_Numazu_00122.jpg,1 7 387 126 571 3 66 372 543 437 
test_Numazu_00123.jpg,5 235 394 399 581 8 19 361 181 599 2 383 361 454 425 
test_Numazu_00124.jpg,2 276 290 466 573 1 129 410 238 599 8 366 309 599 503 
test_Numazu_00125.jpg,7 50 429 580 586 
test_Numazu_00126.jpg,2 201 393 252 595 
test_Numazu_00127.jpg,2 127 434 177 583 5 178 472 440 596 
test_Numazu_00128.jpg,5 252 422 443 589 3 0 518 123 568 
test_Numazu_00129.jpg,5 302 429 485 577 2 251 432 293 579 5 254 263 411 375 
test_Numazu_00130.jpg,5 30 393 291 553 
test_Numazu_00131.jpg,5 50 368 295 584 4 243 357 389 389 
test_Numazu_00132.jpg,5 59 326 282 599 
test_Numazu_00133.jpg,3 145 435 393 515 2 107 405 175 527 2 350 473 433 587 
test_Numazu_00134.jpg,8 0 286 213 597 8 335 290 599 482 1 215 350 291 500 
test_Numazu_00135.jpg,1 177 354 253 587 1 282 348 364 446 2 2 343 131 497 3 8 531 232 580 3 22 470 226 509 
test_Numazu_00136.jpg,2 533 392 599 451 2 132 380 214 565 
test_Numazu_00137.jpg,1 180 363 277 586 4 13 322 234 356 1 361 357 583 578 
test_Numazu_00138.jpg,5 49 425 581 588 3 178 392 380 433 
test_Numazu_00139.jpg,2 44 397 205 563 
test_Numazu_00140.jpg,8 103 523 594 588 
test_Numazu_00141.jpg,2 246 356 337 589 8 317 359 506 577 
test_Numazu_00142.jpg,8 0 267 210 496 3 0 487 554 575 5 429 389 591 538 
test_Numazu_00143.jpg,8 3 307 181 496 1 324 371 487 582 
test_Numazu_00144.jpg,5 9 311 392 594 8 291 309 460 584 
test_Numazu_00145.jpg,2 309 337 483 578 8 344 315 531 415 
test_Numazu_00146.jpg,2 305 322 484 571 
test_Numazu_00147.jpg,5 22 423 369 593 
test_Numazu_00148.jpg,1 80 336 174 594 3 157 420 450 467 
test_Numazu_00149.jpg,5 6 392 547 594 
test_Numazu_00150.jpg,5 196 365 599 523 
test_Numazu_00151.jpg,8 364 406 596 581 2 277 290 370 492 
test_Numazu_00152.jpg,1 270 486 338 593 
test_Numazu_00153.jpg,8 388 364 598 595 8 96 379 343 587 
test_Numazu_00154.jpg,7 0 403 599 585 
test_Numazu_00155.jpg,8 7 325 145 483 1 32 429 139 573 5 303 343 585 584 
test_Numazu_00156.jpg,8 345 297 599 536 2 223 390 263 545 2 294 297 413 447 4 237 410 431 445 4 0 517 258 553 
test_Numazu_00157.jpg,
test_Numazu_00158.jpg,2 313 288 491 584 
test_Numazu_00159.jpg,1 11 401 183 595 1 277 285 317 417 8 310 266 427 431 2 169 295 255 421 
test_Numazu_00160.jpg,7 22 417 596 599 8 285 301 364 373 
test_Numazu_00161.jpg,8 346 295 599 523 
test_Numazu_00162.jpg,8 0 310 183 576 1 291 331 412 495 8 411 343 597 479 1 202 411 300 542 
test_Numazu_00163.jpg,5 131 321 559 588 6 138 309 372 476 
test_Numazu_00164.jpg,8 331 316 599 573 1 6 337 190 536 
test_Numazu_00165.jpg,
test_Numazu_00166.jpg,1 64 416 171 590 8 3 357 133 511 2 306 323 476 579 
test_Numazu_00167.jpg,7 0 402 542 597 
test_Numazu_00168.jpg,8 293 310 553 583 8 100 314 230 383 5 29 352 599 596 
test_Numazu_00169.jpg,5 44 292 207 576 
test_Numazu_00170.jpg,7 168 344 555 523 
test_Numazu_00171.jpg,5 139 320 274 443 4 0 422 551 479 
test_Numazu_00172.jpg,8 346 282 599 535 1 168 305 258 482 
test_Numazu_00173.jpg,2 161 273 246 475 4 40 450 599 517 8 14 456 132 589 
test_Numazu_00174.jpg,8 10 266 211 579 5 295 346 588 566 2 193 333 248 585 
test_Numazu_00175.jpg,1 177 413 247 591 8 289 414 521 592 8 0 399 193 551 
test_Numazu_00176.jpg,2 229 318 335 592 2 344 361 581 577 
test_Numazu_00177.jpg,1 98 418 230 588 6 283 471 471 585 
test_Numazu_00178.jpg,5 154 488 328 597 
test_Numazu_00179.jpg,2 235 292 364 585 
test_Numazu_00180.jpg,8 280 410 498 592 
test_Numazu_00181.jpg,2 245 279 393 590 5 33 367 230 585 
test_Numazu_00182.jpg,1 69 498 160 599 3 109 533 408 586 
test_Numazu_00183.jpg,5 50 352 480 582 
test_Numazu_00184.jpg,5 181 487 568 599 
test_Numazu_00185.jpg,8 399 389 599 569 1 158 397 277 584 8 11 300 145 588 5 6 315 116 463 
test_Numazu_00186.jpg,5 262 356 575 566 
test_Numazu_00187.jpg,1 350 420 477 572 
test_Numazu_00188.jpg,1 304 341 507 522 
test_Numazu_00189.jpg,5 131 324 579 596 
test_Numazu_00190.jpg,2 253 310 309 475 2 369 387 547 583 8 186 292 255 341 1 79 350 187 472 4 24 453 435 494 
test_Numazu_00191.jpg,3 172 384 334 430 5 271 365 418 579 
test_Numazu_00192.jpg,2 31 283 202 596 6 371 354 591 576 3 47 525 194 579 
test_Numazu_00193.jpg,8 347 291 597 531 1 36 426 147 585 
test_Numazu_00194.jpg,8 6 325 144 458 8 330 346 460 503 1 135 367 233 566 
test_Numazu_00195.jpg,5 8 402 322 599 
test_Numazu_00196.jpg,8 277 264 595 570 
test_Numazu_00197.jpg,
test_Numazu_00198.jpg,5 222 330 571 570 
test_Numazu_00199.jpg,8 340 312 599 549 8 1 322 120 449 
test_Numazu_00200.jpg,2 209 301 256 565 
test_Numazu_00201.jpg,2 449 469 502 594 2 317 470 383 594 
test_Numazu_00202.jpg,8 5 278 221 468 8 441 479 563 595 1 335 393 482 496 
test_Numazu_00203.jpg,5 123 338 542 572 1 391 407 559 568 
test_Numazu_00204.jpg,8 3 280 187 458 5 13 369 492 574 
test_Numazu_00205.jpg,
test_Numazu_00206.jpg,2 67 273 185 432 4 77 409 541 451 
test_Numazu_00207.jpg,7 217 274 425 327 
test_Numazu_00208.jpg,8 329 422 435 505 5 234 418 552 589 1 261 456 334 592 
test_Numazu_00209.jpg,2 331 428 435 589 3 0 402 368 470 
test_Numazu_00210.jpg,6 57 413 530 599 5 293 454 500 593 
test_Numazu_00211.jpg,2 312 405 359 480 5 0 407 171 571 
test_Numazu_00212.jpg,8 279 405 573 598 2 2 419 151 541 
test_Numazu_00213.jpg,8 473 307 599 500 8 6 254 264 457 1 372 408 459 496 
test_Numazu_00214.jpg,5 44 391 463 590 
test_Numazu_00215.jpg,8 2 255 209 467 8 308 283 599 556 5 94 328 534 576 
test_Numazu_00216.jpg,5 91 316 236 586 5 339 338 581 563 
test_Numazu_00217.jpg,2 251 375 294 493 5 334 418 566 595 
test_Numazu_00218.jpg,2 245 300 400 587 5 294 405 524 555 
test_Numazu_00219.jpg,
test_Numazu_00220.jpg,
test_Numazu_00221.jpg,8 312 335 394 442 2 252 322 342 584 
test_Numazu_00222.jpg,1 198 379 276 504 3 288 409 595 455 
test_Numazu_00223.jpg,2 299 403 393 591 
test_Numazu_00224.jpg,5 92 423 457 596 
test_Numazu_00225.jpg,2 141 282 219 573 5 208 356 516 591 6 402 396 486 438 
test_Numazu_00226.jpg,8 301 320 365 386 2 205 275 245 591 5 240 366 427 586 5 55 364 182 457 
test_Numazu_00227.jpg,5 60 410 580 595 8 42 368 232 594 8 330 390 391 438 
test_Numazu_00228.jpg,8 265 404 359 544 
test_Numazu_00229.jpg,2 5 303 99 488 6 210 306 325 358 
test_Numazu_00230.jpg,8 82 306 209 472 2 291 419 466 580 
test_Numazu_00231.jpg,5 22 371 479 597 
test_Numazu_00232.jpg,2 269 295 406 590 
test_Numazu_00233.jpg,8 345 291 599 497 1 170 356 284 561 
test_Numazu_00234.jpg,
test_Numazu_00235.jpg,8 319 311 599 568 1 65 377 205 554 2 232 269 264 497 
test_Numazu_00236.jpg,5 35 341 497 593 
test_Numazu_00237.jpg,5 69 401 418 596 
test_Numazu_00238.jpg,2 304 334 475 576 
test_Numazu_00239.jpg,6 232 422 363 503 
test_Numazu_00240.jpg,2 247 366 404 594 
test_Numazu_00241.jpg,2 269 284 369 576 
test_Numazu_00242.jpg,5 288 357 568 582 8 90 286 263 593 
test_Numazu_00243.jpg,8 2 316 156 489 5 146 316 280 398 
test_Numazu_00244.jpg,2 290 403 334 592 
test_Numazu_00245.jpg,6 178 292 331 579 
test_Numazu_00246.jpg,5 308 422 564 591 5 92 521 227 599 8 417 427 599 546 2 259 389 382 599 
test_Numazu_00247.jpg,5 25 483 434 597 
test_Numazu_00248.jpg,2 239 346 296 584 
test_Numazu_00249.jpg,2 271 372 487 594 8 23 385 168 536 4 451 538 599 566 
test_Numazu_00250.jpg,2 106 306 246 584 2 289 297 552 584 
test_Numazu_00251.jpg,8 330 421 455 540 
test_Numazu_00252.jpg,1 256 465 399 564 2 463 528 570 596 
test_Numazu_00253.jpg,2 302 310 532 586 
test_Numazu_00254.jpg,
test_Numazu_00255.jpg,8 310 372 425 596 8 111 517 194 596 
test_Numazu_00256.jpg,5 21 356 498 599 8 182 312 315 372 
test_Numazu_00257.jpg,5 39 292 348 396 5 4 543 548 594 
test_Numazu_00258.jpg,1 170 309 224 382 4 0 452 425 485 
test_Numazu_00259.jpg,1 352 438 421 592 1 458 427 543 504 8 1 412 150 541 
test_Numazu_00260.jpg,6 184 387 359 584 
test_Numazu_00261.jpg,2 87 284 232 584 5 285 335 435 401 5 24 338 212 587 
test_Numazu_00262.jpg,8 333 300 581 593 8 176 412 297 579 
test_Numazu_00263.jpg,8 151 304 245 419 5 211 400 438 586 
test_Numazu_00264.jpg,8 195 317 353 487 2 340 396 455 564 5 20 385 206 578 
test_Numazu_00265.jpg,2 256 369 480 595 8 23 373 193 597 
test_Numazu_00266.jpg,1 226 454 286 592 
test_Numazu_00267.jpg,7 189 402 514 486 
test_Numazu_00268.jpg,8 154 376 294 597 
test_Numazu_00269.jpg,5 26 318 492 580 
test_Numazu_00270.jpg,7 373 411 599 535 
test_Numazu_00271.jpg,8 349 322 595 549 2 65 329 188 584 
test_Numazu_00272.jpg,8 305 319 390 436 
test_Numazu_00273.jpg,2 209 281 343 586 
test_Numazu_00274.jpg,2 382 350 587 580 
test_Numazu_00275.jpg,2 326 303 416 591 3 367 423 599 466 
test_Numazu_00276.jpg,7 37 365 599 575 
test_Numazu_00277.jpg,8 329 404 549 597 2 235 384 275 518 8 2 393 160 523 2 80 421 157 524 4 37 490 463 531 
test_Numazu_00278.jpg,2 178 316 220 387 
test_Numazu_00279.jpg,2 73 420 202 593 8 322 406 466 595 2 287 411 366 589 8 7 405 183 572 
test_Numazu_00280.jpg,2 254 316 345 588 4 92 407 237 426 
test_Numazu_00281.jpg,5 17 347 226 570 
test_Numazu_00282.jpg,6 3 408 360 599 
test_Numazu_00283.jpg,8 4 260 187 453 5 142 437 246 573 
test_Numazu_00284.jpg,2 239 342 298 589 
test_Numazu_00285.jpg,5 254 420 598 598 8 137 391 232 599 
test_Numazu_00286.jpg,5 35 373 230 599 4 226 464 507 514 
test_Numazu_00287.jpg,3 346 463 580 524 1 27 444 157 582 
test_Numazu_00288.jpg,2 296 419 418 572 6 170 418 264 498 
test_Numazu_00289.jpg,5 190 415 591 593 
test_Numazu_00290.jpg,7 35 290 599 404 1 508 472 599 585 1 198 387 271 493 2 255 228 295 322 
test_Numazu_00291.jpg,2 477 542 551 594 6 171 439 298 577 
test_Numazu_00292.jpg,2 318 307 546 557 
test_Numazu_00293.jpg,5 195 338 519 581 1 391 383 592 563 
test_Numazu_00294.jpg,8 2 292 171 462 8 374 336 599 537 5 138 361 247 590 3 302 405 511 458 
test_Numazu_00295.jpg,2 311 395 417 588 8 0 319 133 441 
test_Numazu_00296.jpg,6 77 380 285 588 
test_Numazu_00297.jpg,2 277 462 340 593 8 260 379 333 451 5 291 444 454 588 
test_Numazu_00298.jpg,8 392 408 552 596 1 208 302 268 396 1 72 441 268 599 
test_Numazu_00299.jpg,1 95 433 188 583 
test_Numazu_00300.jpg,2 212 386 245 588 2 283 413 349 511 2 82 385 191 511 
test_Numazu_00301.jpg,2 308 289 554 550 5 22 316 517 586 
test_Numazu_00302.jpg,2 2 339 117 484 1 408 442 530 585 
test_Numazu_00303.jpg,2 8 327 181 516 
test_Numazu_00304.jpg,8 288 279 599 575 
test_Numazu_00305.jpg,8 20 428 337 522 1 18 460 167 586 
test_Numazu_00306.jpg,8 1 305 186 491 8 378 314 599 496 1 195 293 279 441 
test_Numazu_00307.jpg,8 0 253 204 545 1 256 385 381 584 
test_Numazu_00308.jpg,8 191 417 384 532 5 30 428 257 593 
test_Numazu_00309.jpg,5 313 390 420 499 
test_Numazu_00310.jpg,2 277 338 416 592 2 53 353 119 419 3 429 482 597 541 5 434 355 599 541 
test_Numazu_00311.jpg,5 142 420 560 596 
test_Numazu_00312.jpg,
test_Numazu_00313.jpg,2 110 307 153 477 8 1 279 113 401 4 89 460 407 499 
test_Numazu_00314.jpg,2 266 389 324 592 4 85 501 318 534 
test_Numazu_00315.jpg,8 1 368 108 500 8 333 318 577 574 1 299 403 416 578 
test_Numazu_00316.jpg,3 202 403 582 481 5 7 298 213 525 
test_Numazu_00317.jpg,2 361 435 521 595 5 430 431 575 494 
test_Numazu_00318.jpg,8 92 366 234 588 2 219 367 262 583 2 329 406 494 590 
test_Numazu_00319.jpg,8 0 513 522 566 
test_Numazu_00320.jpg,2 71 352 181 588 2 370 366 572 569 
test_Numazu_00321.jpg,7 8 336 599 545 
test_Numazu_00322.jpg,
test_Numazu_00323.jpg,7 54 350 593 479 
test_Numazu_00324.jpg,8 73 358 295 532 
test_Numazu_00325.jpg,8 4 389 155 553 
test_Numazu_00326.jpg,5 309 308 594 582 8 350 291 599 501 
test_Numazu_00327.jpg,2 99 418 178 558 7 273 415 599 553 
test_Numazu_00328.jpg,8 290 296 552 593 8 0 307 167 489 6 42 492 230 595 
test_Numazu_00329.jpg,8 26 276 231 592 8 362 311 599 474 1 262 328 362 461 
test_Numazu_00330.jpg,5 32 336 440 589 
test_Numazu_00331.jpg,
test_Numazu_00332.jpg,7 77 498 599 597 2 312 326 383 449 2 3 317 116 392 
test_Numazu_00333.jpg,7 34 429 599 599 
test_Numazu_00334.jpg,1 223 449 307 590 
test_Numazu_00335.jpg,2 2 303 197 516 5 346 322 467 413 2 215 335 269 588 
test_Numazu_00336.jpg,8 328 356 568 584 8 102 296 212 599 
test_Numazu_00337.jpg,8 33 384 194 592 8 323 478 599 595 2 229 406 274 492 
test_Numazu_00338.jpg,8 46 460 189 595 5 401 476 593 574 
test_Numazu_00339.jpg,8 322 292 599 583 8 0 289 204 533 
test_Numazu_00340.jpg,5 53 380 573 599 8 0 368 152 544 
test_Numazu_00341.jpg,2 187 320 441 583 3 378 486 599 537 
test_Numazu_00342.jpg,1 110 382 258 594 2 403 360 599 480 
test_Numazu_00343.jpg,7 0 386 599 598 5 0 289 187 424 
test_Numazu_00344.jpg,8 49 463 590 544 5 56 408 505 560 
test_Numazu_00345.jpg,4 65 443 481 510 
test_Numazu_00346.jpg,7 17 500 565 594 
test_Numazu_00347.jpg,2 127 388 213 576 4 43 379 263 406 
test_Numazu_00348.jpg,5 164 438 414 589 8 443 455 588 599 
test_Numazu_00349.jpg,5 382 380 570 521 8 154 305 376 393 
test_Numazu_00350.jpg,2 311 349 363 582 
test_Numazu_00351.jpg,5 72 348 357 502 2 288 496 401 589 
test_Numazu_00352.jpg,5 321 416 509 581 5 90 432 235 592 
test_Numazu_00353.jpg,2 289 309 461 586 
test_Numazu_00354.jpg,8 45 362 222 563 3 197 474 505 536 7 192 261 433 296 1 134 356 192 439 
test_Numazu_00355.jpg,5 368 443 593 577 2 240 393 307 589 
test_Numazu_00356.jpg,5 167 439 583 596 2 74 452 186 593 
test_Numazu_00357.jpg,8 282 355 550 588 
test_Numazu_00358.jpg,8 167 385 268 448 3 248 522 523 576 8 293 389 492 580 2 220 400 283 583 
test_Numazu_00359.jpg,5 140 396 563 595 2 63 383 217 588 
test_Numazu_00360.jpg,8 338 296 599 586 1 175 311 244 570 8 0 267 169 456 1 360 450 430 534 5 10 284 228 551 
test_Numazu_00361.jpg,
test_Numazu_00362.jpg,2 235 355 298 517 1 63 421 131 495 
test_Numazu_00363.jpg,2 197 271 268 582 3 209 437 430 501 1 40 308 186 466 3 9 370 187 440 
test_Numazu_00364.jpg,2 249 360 424 592 8 0 380 167 520 
test_Numazu_00365.jpg,8 34 406 599 455 7 29 267 495 328 5 15 416 291 590 
test_Numazu_00366.jpg,7 70 272 382 332 8 23 362 371 406 8 421 369 599 558 8 241 437 334 585 2 304 360 422 569 
test_Numazu_00367.jpg,5 107 427 497 584 
test_Numazu_00368.jpg,8 248 352 537 594 8 4 347 205 513 1 370 440 465 580 
test_Numazu_00369.jpg,8 0 312 161 493 2 250 305 309 577 5 277 331 445 476 
test_Numazu_00370.jpg,2 243 314 323 580 
test_Numazu_00371.jpg,5 22 370 435 584 
test_Numazu_00372.jpg,2 134 306 251 586 5 261 324 589 591 
test_Numazu_00373.jpg,7 0 328 514 476 4 0 502 179 535 
test_Numazu_00374.jpg,6 20 385 232 578 2 265 305 376 578 
test_Numazu_00375.jpg,3 77 502 471 592 
test_Numazu_00376.jpg,8 149 410 452 593 5 33 367 333 595 
test_Numazu_00377.jpg,2 380 305 579 593 2 70 322 269 585 
test_Numazu_00378.jpg,8 307 300 596 579 8 6 284 167 411 1 2 368 127 545 
test_Numazu_00379.jpg,2 263 321 317 425 2 175 409 219 527 
test_Numazu_00380.jpg,7 25 396 590 590 
test_Numazu_00381.jpg,2 232 309 317 469 4 22 447 537 489 1 34 358 129 463 
test_Numazu_00382.jpg,7 211 338 599 448 
test_Numazu_00383.jpg,2 415 334 537 585 2 298 327 366 583 
test_Numazu_00384.jpg,7 164 323 598 452 
test_Numazu_00385.jpg,5 23 349 183 584 2 141 326 217 590 
test_Numazu_00386.jpg,8 2 307 143 495 8 364 364 599 580 1 129 383 203 582 
test_Numazu_00387.jpg,1 259 415 320 544 
test_Numazu_00388.jpg,5 84 309 263 585 2 49 285 187 582 
test_Numazu_00389.jpg,5 128 344 560 589 
test_Numazu_00390.jpg,5 95 398 266 599 2 469 479 596 571 5 312 442 522 593 
test_Numazu_00391.jpg,5 17 382 399 597 
test_Numazu_00392.jpg,8 147 314 243 379 2 273 327 349 568 
test_Numazu_00393.jpg,6 333 269 585 433 
test_Numazu_00394.jpg,8 149 398 198 583 5 173 369 556 581 6 304 389 531 567 
test_Numazu_00395.jpg,2 122 374 231 595 
test_Numazu_00396.jpg,2 289 447 375 594 
test_Numazu_00397.jpg,2 235 390 315 591 
test_Numazu_00398.jpg,8 347 346 488 526 8 6 275 191 435 5 102 346 383 450 
test_Numazu_00399.jpg,5 21 310 212 477 5 350 372 547 556 
test_Numazu_00400.jpg,2 113 412 197 596 2 267 403 351 586 
test_Numazu_00401.jpg,8 319 371 599 599 1 153 390 227 554 1 274 388 336 461 
test_Numazu_00402.jpg,2 194 290 237 590 4 223 435 589 480 
test_Numazu_00403.jpg,8 344 305 599 539 8 1 268 194 461 5 195 292 297 362 1 206 299 331 435 
test_Numazu_00404.jpg,6 204 338 556 587 
test_Numazu_00405.jpg,8 5 242 191 431 8 341 255 599 566 5 165 359 348 581 
test_Numazu_00406.jpg,2 10 298 212 591 5 297 345 537 590 8 260 292 376 356 
test_Numazu_00407.jpg,8 249 368 554 599 8 1 339 139 474 
test_Sumida_00001.jpg,8 384 425 599 557 
test_Sumida_00002.jpg,2 312 435 388 538 
test_Sumida_00003.jpg,1 153 411 318 540 
test_Sumida_00004.jpg,8 368 431 545 587 
test_Sumida_00005.jpg,7 51 452 598 538 
test_Sumida_00006.jpg,8 8 417 247 567 1 112 460 225 560 1 263 466 331 548 
test_Sumida_00007.jpg,8 7 422 98 556 
test_Sumida_00008.jpg,2 288 395 324 529 
test_Sumida_00009.jpg,8 311 407 515 557 8 27 441 236 576 
test_Sumida_00010.jpg,2 248 373 296 536 
test_Sumida_00011.jpg,8 382 419 508 578 
test_Sumida_00012.jpg,2 379 446 487 571 
test_Sumida_00013.jpg,2 403 437 589 585 
test_Sumida_00014.jpg,7 32 448 599 551 
test_Sumida_00015.jpg,8 326 413 469 558 
test_Sumida_00016.jpg,2 229 434 289 536 
test_Sumida_00017.jpg,1 212 418 313 533 8 385 417 453 519 
test_Sumida_00018.jpg,8 298 406 335 562 8 447 490 599 577 
test_Sumida_00019.jpg,7 170 466 581 556 
test_Sumida_00020.jpg,2 209 400 271 520 
test_Sumida_00021.jpg,7 183 426 530 492 1 338 485 380 539 
test_Sumida_00022.jpg,7 212 433 599 542 
test_Sumida_00023.jpg,2 316 393 395 526 
test_Sumida_00024.jpg,2 210 391 304 528 8 350 430 441 539 
test_Sumida_00025.jpg,2 332 400 428 523 
test_Sumida_00026.jpg,1 166 466 263 540 
test_Sumida_00027.jpg,1 337 419 409 545 2 249 399 310 527 4 87 507 480 544 
test_Sumida_00028.jpg,2 364 422 471 539 
test_Sumida_00029.jpg,2 351 421 447 539 
test_Sumida_00030.jpg,8 355 417 532 560 
test_Sumida_00031.jpg,8 353 408 562 572 
test_Sumida_00032.jpg,7 24 493 597 590 
test_Sumida_00033.jpg,2 322 399 425 519 
test_Sumida_00034.jpg,7 132 442 599 539 1 342 402 393 453 
test_Sumida_00035.jpg,2 324 403 409 539 8 471 447 599 520 
test_Sumida_00036.jpg,2 197 395 273 450 2 41 434 204 559 
test_Sumida_00037.jpg,2 149 417 288 564 
test_Sumida_00038.jpg,2 274 437 347 536 
test_Sumida_00039.jpg,7 5 431 482 539 
test_Sumida_00040.jpg,7 0 434 505 512 
test_Sumida_00041.jpg,2 333 424 392 504 
test_Sumida_00042.jpg,8 244 401 341 456 1 383 424 441 474 
test_Sumida_00043.jpg,2 336 461 386 555 
test_Sumida_00044.jpg,2 348 408 480 559 
test_Sumida_00045.jpg,7 201 435 599 538 
test_Sumida_00046.jpg,2 319 406 376 540 
test_Sumida_00047.jpg,2 348 384 574 539 
test_Sumida_00048.jpg,2 259 423 309 551 8 367 431 495 564 
test_Sumida_00049.jpg,2 336 423 395 538 8 377 417 528 555 
test_Sumida_00050.jpg,2 339 404 405 545 
test_Sumida_00051.jpg,8 398 436 564 562 
test_Sumida_00052.jpg,2 121 438 221 550 
test_Sumida_00053.jpg,8 328 406 428 542 
test_Sumida_00054.jpg,2 230 433 280 535 
test_Sumida_00055.jpg,8 381 426 536 560 2 339 429 402 540 
test_Sumida_00056.jpg,7 100 452 599 557 
test_Sumida_00057.jpg,7 211 432 599 542 
test_Sumida_00058.jpg,8 330 442 571 575 2 37 422 206 517 
test_Sumida_00059.jpg,2 326 407 407 537 
test_Sumida_00060.jpg,2 53 484 155 572 2 298 421 353 507 
test_Sumida_00061.jpg,8 34 444 200 571 2 373 439 438 541 8 423 397 599 521 
test_Sumida_00062.jpg,8 411 426 599 563 
test_Sumida_00063.jpg,2 389 418 597 519 2 174 421 354 550 
test_Sumida_00064.jpg,2 105 403 194 533 
test_Sumida_00065.jpg,8 357 410 567 562 2 164 427 237 512 
test_Sumida_00066.jpg,1 362 433 468 561 8 394 426 599 564 5 119 433 291 557 
test_Sumida_00067.jpg,2 298 407 331 460 
test_Sumida_00068.jpg,2 330 404 397 533 
test_Sumida_00069.jpg,8 410 446 599 589 
test_Sumida_00070.jpg,7 68 433 560 517 
test_Sumida_00071.jpg,8 101 438 261 558 2 352 444 391 545 
test_Sumida_00072.jpg,7 190 432 599 520 
test_Sumida_00073.jpg,2 244 393 285 533 1 287 416 364 531 
test_Sumida_00074.jpg,7 114 448 589 573 2 123 452 189 544 
test_Sumida_00075.jpg,2 221 403 287 535 6 275 418 443 523 
test_Sumida_00076.jpg,2 341 419 412 553 
test_Sumida_00077.jpg,2 202 435 254 519 
test_Sumida_00078.jpg,2 246 406 305 539 
test_Sumida_00079.jpg,2 270 400 395 545 8 62 411 210 567 
test_Sumida_00080.jpg,8 318 390 424 533 
test_Sumida_00081.jpg,7 0 452 583 564 
test_Sumida_00082.jpg,2 281 419 324 509 
test_Sumida_00083.jpg,2 406 421 574 531 2 280 415 321 545 
test_Sumida_00084.jpg,8 379 445 429 516 2 325 421 356 502 
test_Sumida_00085.jpg,8 266 418 372 482 8 403 421 599 539 1 240 471 291 538 
test_Sumida_00086.jpg,2 341 437 384 538 8 464 517 547 594 
test_Sumida_00087.jpg,2 380 423 477 559 
test_Sumida_00088.jpg,2 322 407 396 543 
test_Sumida_00089.jpg,7 26 438 599 535 
test_Sumida_00090.jpg,8 264 439 347 577 
test_Sumida_00091.jpg,
test_Sumida_00092.jpg,2 382 437 430 514 4 142 461 480 511 
test_Sumida_00093.jpg,1 460 481 532 555 8 99 422 287 560 
test_Sumida_00094.jpg,2 155 415 256 534 
test_Sumida_00095.jpg,1 164 399 271 490 
test_Sumida_00096.jpg,2 7 412 171 517 2 228 432 302 544 8 418 437 594 588 
test_Sumida_00097.jpg,7 22 417 427 545 
test_Sumida_00098.jpg,7 0 437 545 534 
test_Sumida_00099.jpg,2 142 428 268 551 
test_Sumida_00100.jpg,2 276 380 325 523 
test_Sumida_00101.jpg,1 328 451 396 552 
test_Sumida_00102.jpg,2 316 402 392 551 2 159 0 223 109 
test_Sumida_00103.jpg,7 213 465 599 567 
test_Sumida_00104.jpg,2 283 403 398 538 
test_Sumida_00105.jpg,1 162 462 218 529 2 321 452 370 547 
test_Sumida_00106.jpg,8 402 407 599 520 
test_Sumida_00107.jpg,2 417 414 467 475 
test_Sumida_00108.jpg,2 255 406 300 533 
test_Sumida_00109.jpg,7 437 463 594 571 
test_Sumida_00110.jpg,8 399 439 599 582 
test_Sumida_00111.jpg,8 199 430 359 488 2 304 441 366 523 
test_Sumida_00112.jpg,7 111 455 599 557 
test_Sumida_00113.jpg,2 325 420 358 547 
test_Sumida_00114.jpg,8 417 466 593 596 4 205 474 442 513 
test_Sumida_00115.jpg,2 205 407 319 551 8 423 401 599 530 
test_Sumida_00116.jpg,
test_Sumida_00117.jpg,8 115 440 241 561 8 446 437 599 527 
test_Sumida_00118.jpg,
test_Sumida_00119.jpg,7 10 436 582 559 
test_Sumida_00120.jpg,7 81 405 575 471 
test_Sumida_00121.jpg,8 2 431 231 569 8 332 415 458 514 
test_Sumida_00122.jpg,7 1 432 599 523 
test_Sumida_00123.jpg,8 8 425 159 516 2 9 387 214 523 
test_Sumida_00124.jpg,8 377 433 521 570 
test_Sumida_00125.jpg,2 312 414 376 545 
test_Sumida_00126.jpg,2 368 429 432 500 2 170 438 244 489 
test_Sumida_00127.jpg,7 7 483 558 565 
test_Sumida_00128.jpg,8 65 385 176 545 2 210 391 277 521 
test_Sumida_00129.jpg,2 183 451 295 565 2 409 448 558 580 
test_Sumida_00130.jpg,2 358 420 429 544 
test_Sumida_00131.jpg,2 271 410 313 540 8 335 421 377 470 8 415 418 504 474 8 136 425 260 556 
test_Sumida_00132.jpg,2 396 448 500 552 
test_Sumida_00133.jpg,2 184 377 290 487 
test_Sumida_00134.jpg,2 149 421 224 509 
test_Sumida_00135.jpg,8 396 439 596 594 
test_Sumida_00136.jpg,7 17 450 599 565 
test_Sumida_00137.jpg,2 5 428 172 538 2 332 439 405 536 
test_Sumida_00138.jpg,2 266 435 316 545 
test_Sumida_00139.jpg,1 188 430 266 528 
test_Sumida_00140.jpg,2 329 451 373 568 
test_Sumida_00141.jpg,8 370 413 596 585 8 259 451 313 579 1 211 462 263 508 
test_Sumida_00142.jpg,8 318 392 418 542 
test_Sumida_00143.jpg,7 56 436 599 563 
test_Sumida_00144.jpg,7 83 463 599 548 
test_Sumida_00145.jpg,8 392 436 549 564 
test_Sumida_00146.jpg,8 94 408 245 555 2 219 419 271 539 8 364 413 588 568 2 322 419 365 483 
test_Sumida_00147.jpg,8 0 448 180 576 
test_Sumida_00148.jpg,2 298 410 327 536 5 331 400 432 484 
test_Sumida_00149.jpg,2 238 393 283 520 
test_Sumida_00150.jpg,8 387 423 547 564 
test_Sumida_00151.jpg,2 369 387 499 535 
test_Sumida_00152.jpg,2 386 441 494 542 
test_Sumida_00153.jpg,8 344 415 422 552 2 139 424 252 508 
test_Sumida_00154.jpg,8 243 404 342 456 1 385 423 443 473 
test_Sumida_00155.jpg,2 144 424 303 554 
test_Sumida_00156.jpg,2 200 439 274 553 
test_Sumida_00157.jpg,8 142 412 277 550 8 324 426 452 545 
test_Sumida_00158.jpg,2 368 408 489 525 
test_Sumida_00159.jpg,2 182 433 310 563 
test_Sumida_00160.jpg,2 390 436 525 565 
test_Sumida_00161.jpg,8 336 400 552 556 1 171 435 243 516 3 191 466 329 522 
test_Sumida_00162.jpg,8 343 407 441 460 
test_Sumida_00163.jpg,
test_Sumida_00164.jpg,7 138 415 599 498 
test_Sumida_00165.jpg,8 422 448 571 562 2 29 416 197 539 
test_Sumida_00166.jpg,2 328 389 395 536 
test_Sumida_00167.jpg,8 399 454 583 595 
test_Sumida_00168.jpg,2 259 427 298 537 
test_Sumida_00169.jpg,2 55 410 257 518 
test_Sumida_00170.jpg,2 311 390 410 540 
test_Sumida_00171.jpg,1 294 469 343 553 
test_Sumida_00172.jpg,7 195 454 596 557 
test_Sumida_00173.jpg,2 153 415 256 560 1 12 457 147 565 
test_Sumida_00174.jpg,8 418 402 599 560 1 271 416 321 473 
test_Sumida_00175.jpg,2 279 397 313 454 
test_Sumida_00176.jpg,2 284 387 329 487 
test_Sumida_00177.jpg,8 405 417 597 562 
test_Sumida_00178.jpg,7 22 512 579 592 2 277 433 314 541 
test_Sumida_00179.jpg,2 355 423 474 536 
test_Sumida_00180.jpg,8 138 475 230 561 
test_Sumida_00181.jpg,7 21 501 599 590 1 312 455 348 512 7 0 425 196 507 
test_Sumida_00182.jpg,2 271 452 316 561 1 363 460 438 561 
test_Sumida_00183.jpg,8 160 396 283 553 1 379 437 447 506 
test_Sumida_00184.jpg,2 322 413 376 541 
test_Sumida_00185.jpg,8 219 398 301 524 
test_Sumida_00186.jpg,8 414 453 594 593 
test_Sumida_00187.jpg,2 339 392 509 550 
test_Sumida_00188.jpg,2 107 404 207 544 1 202 445 288 528 
test_Sumida_00189.jpg,8 309 380 426 540 1 277 392 361 514 
test_Sumida_00190.jpg,2 325 444 381 538 
test_Sumida_00191.jpg,2 337 421 382 542 
test_Sumida_00192.jpg,2 245 427 288 538 
test_Sumida_00193.jpg,2 184 399 278 554 
test_Sumida_00194.jpg,7 212 432 599 542 
test_Sumida_00195.jpg,8 417 448 599 578 
test_Sumida_00196.jpg,2 180 410 221 541 
test_Sumida_00197.jpg,2 223 384 279 476 8 342 407 489 551 
test_Sumida_00198.jpg,2 361 404 512 548 
test_Sumida_00199.jpg,2 179 415 283 548 8 359 416 585 583 2 92 432 147 495 
test_Sumida_00200.jpg,2 414 426 474 476 
test_Sumida_00201.jpg,2 358 437 425 555 2 122 444 229 521 
test_Sumida_00202.jpg,2 259 430 311 551 2 39 436 216 530 
test_Sumida_00203.jpg,8 240 475 444 544 
test_Sumida_00204.jpg,8 437 429 599 548 
test_Sumida_00205.jpg,8 378 411 577 573 
test_Sumida_00206.jpg,2 311 457 354 538 
test_Sumida_00207.jpg,2 180 478 237 553 
test_Sumida_00208.jpg,8 482 406 586 575 
test_Sumida_00209.jpg,2 406 453 514 548 2 234 437 330 549 
test_Sumida_00210.jpg,2 339 454 391 560 7 189 468 459 561 
test_Sumida_00211.jpg,8 354 408 555 565 8 235 463 329 537 
test_Sumida_00212.jpg,2 316 399 378 491 
test_Sumida_00213.jpg,2 364 444 432 529 8 309 380 379 459 
test_Sumida_00214.jpg,8 70 460 203 566 
test_Sumida_00215.jpg,8 390 447 599 590 
test_Sumida_00216.jpg,7 71 438 599 524 
test_Sumida_00217.jpg,
test_Sumida_00218.jpg,2 238 398 298 534 
test_Sumida_00219.jpg,2 233 390 305 529 8 364 396 594 558 2 336 391 434 535 
test_Sumida_00220.jpg,2 206 397 285 540 
test_Sumida_00221.jpg,2 360 418 416 538 8 33 458 194 542 
test_Sumida_00222.jpg,
test_Sumida_00223.jpg,8 347 391 513 553 2 313 395 382 538 
test_Sumida_00224.jpg,7 46 433 550 551 
test_Sumida_00225.jpg,8 397 432 572 571 
test_Sumida_00226.jpg,8 214 421 310 578 7 0 509 288 585 
test_Sumida_00227.jpg,2 350 412 456 545 
test_Sumida_00228.jpg,8 208 450 595 491 
